,User,CREATED_AT,LABEL,stemming_words,LIKE COUNT,FOLLOWERS COUNT
2,1.42E+18,7/29/2021 2:40,"Other,Politics",හාමුදුරුවරු සියලූම පූජකයන්ගේ මානසික සෞඛ්යය සොයා බැලීමේ වැඩ පිලිවලක් ඕනේ,1,1433
3,1.42E+18,7/27/2021 10:40,Politics,ද්විපාර්ශවික එකඟතා ජන ජීවිත සෞඛ්යය මනාව ආරක්ෂා කරමින් හැකි ඉක්මණින් ආර්ථිකය,10,13898
4,1.42E+18,7/25/2021 20:56,"Other,Crime",කරැනාකර චින නිෂ්පාදිත එන්නත ලබාගත් පුද්ගලයන් හට යුරෝපීය රට වලට විසා නිකුත් නොකි,0,87
5,1.42E+18,7/25/2021 20:53,Other,කරැනාකර චින නිෂ්පාදිත එන්නත ලබාගත් පුද්ගලයන් හට යුර,0,87
6,1.42E+18,7/25/2021 20:52,Other,කරැනාකර චින නිෂ්පාදිත එන්නත ලබාගත් පුද්ගලයන් හට,1,87
7,1.42E+18,7/25/2021 20:52,Other,කරැනාකර චින නිෂ්පාදිත එන්නත ලබාගත් පුද්ගලයන් හට යුරෝපීය රට වලට විසා නිකුත් නොක,0,87
8,1.42E+18,7/25/2021 20:50,Other,කරැනාකර චින නිෂ්පාදිත එන්නත ලබාගත් පුද්ගලයන් හට යුරෝපීය රට වලට විසා නිකුත් නොකිර,0,87
9,1.42E+18,7/25/2021 20:49,Other,කරැනාකර චින නිෂ්පාදිත එන්නත ලබාගත් පුද්ගලයන් හට යුරෝපීය රට වලට විසා නිකුත් න,0,87
10,1.42E+18,7/25/2021 20:48,Other,කරැනාකර චින නිෂ්පාදිත එන්නත ලබාගත් පුද්ගලයන් හට යුරෝපීය රට වලට විසා නිකුත් නොකිරීම,0,87
12,1.42E+18,7/24/2021 22:42,Other,ශ්රී ලංක ගුවන සේවය විශිෂ්ට සෞඛ්යය කළමනාකරණ වූ සම්මානය දිනා ගනියි,0,383
13,1.42E+18,7/24/2021 11:30,Other,ආසියානු නායකත්ව සම්මාන උළෙලේ ශ්රීලංකන් ගුවන සේවය විශිෂ්ට සෞඛ්යය කළමනාකරණ වූ සම්මානය දිනා ගනියි,0,23
14,1.42E+18,7/24/2021 4:41,Other,ශ්රීලංකන් ගුවන සේවය ආසියානු නායකත්ව සම්මාන උළෙලේ ආසියානු මානව සම්පත නායකත්ව සම්මාන කාණ්ඩ යටතේ විශිෂ්ටතම සෞඛ්යය කළමනාකරණ වූ සම්මානයෙන් පිදු ලබා ඇත,0,32
15,1.42E+18,8/1/2021 14:34,Sport,ඕක නං පට්ටපල් බොරු ක්රීඩා කරන්න ඔලිම්පික් තේරෙන්න ගහෙන් වැටෙනව වගේ කට්ටි නෙමෙයි ළම,1,854
17,1.42E+18,8/1/2021 14:32,Sport,ඊටත් කලින් ස්වභාවික වරණය තීරණය කරපු ගුණාංග ක්රීඩා වලට මුල කියලත් පේනවා,0,2146
19,1.42E+18,8/1/2021 12:54,Sport,හැට්ටකටු පැත්තකින් තියාපල්ලාකො ලංකා නමගිය ක්රීඩා පාසලක ළමයි එක්කලා ප්රැක්ටිස්වලට මට යන්න යෙදුණ ක්රීඩා පාසලක කිව්වම වෙන්නෙ රට වටේ ඉන්න දක්ෂයො ගෙනල්ල එක තැනක ප්රැක්ටිස් කරවන එක එහෙම වුණාම හරිය පහසුකම් එහෙම තියෙන්නෝන නෙ හරින,5,110
21,1.42E+18,8/1/2021 5:58,Sport,ඔලිම්පික් ක්රීඩා උළෙලේ පදක්කම් සටහනේ පෙරමුණ චීනය,0,201
23,1.42E+18,8/1/2021 5:38,Sport,ජපානයේ ටෝකියෝ නුවර ඔලිම්පික් උලෙල නිමාව දකින්න නියමිතව ඇත්තේ අගොස්තු වනදාය වනවිට තරගාවලියේ පදක්කම් උණුසුම මතුව පටන්ගෙන තිබෙයි චීනය ඉදිරියෙන් සිටින මළල ක්රීඩා තරග ඉදිරියේදී අවසන් වීමට නියමිත ඇමරිකාව පෙරමුණ ගැනීමට බලාපොරොත්තු,2,6740
25,1.42E+18,8/1/2021 5:15,Sport,පුදුම කට්ටක් කන්නෙ අපේ ඔලිම්පික් ක්රීඩක ක්රීඩිකාවො ක්රීඩා ඇමතිටත් පේන්න දැම්මෙ,11,47598
27,1.42E+18,8/1/2021 3:51,Politics,ක්රීඩා ඇමති ශ්රී ලංකාජපාන පාර්ලිමේන්තු මන්ත්රීවරුන්ගේ මිත්රත්ව කණ්ඩායමේ ලේකම් යුකෝ ඔබුචි හමුවක්,0,2269
29,1.42E+18,8/1/2021 3:43,Sport,බලද්දී හිතුනා හුඟ ක්රීඩා වලට මූලික වෙලා තියෙන්නේ නේද කියලා එහෙම බැලුවම වගේ ඒවා කොහෙන් පහත් උනාද මන්දා,69,2146
31,1.42E+18,8/1/2021 1:47,Sport,හැදුනොත් හොඳ කරන්න බැරි පිස්සුවක් තමයි ඔලිම්පික් ක්රීඩා බලන එක,5,3801
33,1.42E+18,7/31/2021 17:39,Sport,හුංගම පල්ලෙගම හයිරයිඩස් ක්රීඩා පිටිය ග්රාමිය වොලිබෝල් ක්රීඩාංගනය ජනතා අයිතියට පැවරී ප්රාදේශීය ලේකම් කොට්ඨාශ එක් පොදු ක්රීඩා පිටියක් සංවර්ධන කිරීමේ වැඩසටහන යටතේ ක්රිඩාංගණ සංවර්ධන කර අමාත්ය නාමල් රාජපක්ෂ මැතිතුමන් ප්රධානත්වය අද ජනතා අයිතියට පත්විය,0,41
36,1.42E+18,7/31/2021 15:38,Sport,ඔව්මෙතන අපේ ක්රීඩකයින්ට ඇදුම්ගැන ප්රශ්නයක් කතා කලේ විශේෂයෙන් මලල ක්රීඩා වෙ,0,5572
40,1.42E+18,7/31/2021 15:23,Sport,තහනම ලක් කොට අංගම්පොර සටන් කලාව කැබිනට් පත්රිකාවක් ඉවත්කොට වසර තුල ගැසට් කිරීමට පියවර ගන්නා ක්රීඩා තරුණ කටයුතු අමාත්ය නාමල් රාජපක්ෂ මහතා පවසයි ජාතික ක්රීඩා සතිය නිමිත්තෙන් පිළිකුත්තුව පුරාණ රජමහ විහාරස්ථාන භූමියේදී පැවැති,0,105
42,1.42E+18,7/31/2021 14:10,Sport,එකේ මිල්කා පටන්ගත් තැනම බැලන්ස් නැතුව වැටෙනව ඔලිම්පික් එකක ක්රීඩා විලාසය කියල,1,60
44,1.42E+18,7/31/2021 14:04,Sport,අපි හැමදාම කලේ අතීතයේ දිහා බලාගෙන ආඩම්බර වෙනවා ඒකාලේ මෙහෙම හැදුව කියලා අද චීනට දෙනවා,2,60
46,1.42E+18,7/31/2021 9:51,Sport,ඉන්දියාව පැවති තරඟ ජයග්රහණ කරා මෙහෙයවූ අතිගරු ජනාධිපති ගොටාබය රාජපක්ස මැතිඳුන්ටත් අහමති මහින්ද රාජපක්ස මැතිඳුන්ටත් ක්රීඩා ඇමති නාමල් රාජපක්ස මැටිතුමන්ටත් ජයගම,2,370
48,1.42E+18,7/31/2021 8:07,Sport,නිකමට හිතන්නකො අපේ රටේ ක්රීඩා කියල තිබුනෙ ඇත්ලටික්ස් විතරයි කියල එහෙනම් අපේ ජීවිත පට්ට බෝරින් වෙයි නෙහ් පෙරුම් පුරාගෙන බලන් ඉන්න ඉවෙන්ට් එක තප්පර ගානක ඉවරවෙනව වගේද ක්රිකට් කෙලින්ම අපේ දවසක්ම කාල දානවනෙ වී ආර් සෝ ලකී නේහ්,19,954
50,1.42E+18,7/31/2021 6:53,Sport,මෙවර ඔලිම්පික් ක්රීඩා උළෙලේ ශ්රී ලංකා නියෝජන කරමින් යුපුන් අබේකෝන් අද තරග බිමට පිවිසී නියමිතව තිබේ මීටර පිරිමි ධාවන ඉසව් සදහා තරඟ ශ්රී ලංකා වේලාවෙන් අද පස්වරු පැවැත්වී නියමිතයි,0,105
52,1.42E+18,7/31/2021 6:08,Sport,පෝට් සිටි හි පිහිටි ගොල්ෆ් ක්රීඩා පිටිය අද ජනතාවට විවෘත කරයි,1,1018
54,1.42E+18,7/31/2021 6:00,Sport,ජාතික ක්රීඩා දිනය අද,0,2025
56,1.42E+18,7/30/2021 14:39,Sport,විනය කමිටුවෙන් නිර්දේශිත දඬුවම් විධායක කමිටු යළි සලකා බැලීම අගය කළ යුතුයි ලැබුණු අවස්ථාවෙන් ප්රයෝජන අරගෙන හොඳ පුහුණු වෙලා තහනම් කාලයෙන් පසුව රට කැපවීමෙන් ක්රීඩා කරන්න,2,2078
58,1.42E+18,7/30/2021 14:24,Entertainment,ලෝකයේ වමතින් ක්රීඩා නොකල හැකි එකම ක්රීඩාව මොකක් කියලා දන්න,2,10
60,1.42E+18,7/30/2021 12:18,Sport,සිව් වරක් ඔලිම්පික් කිරුළු දැරූ ජිම්නාස්ටික් ශූරි ක්රීඩා ලෝලීන් ඇස් කඳුළ එක් කරයි,1,8026
62,1.42E+18,7/30/2021 8:44,Sport,ඔබලා ඉතාලි ක්රිකට් කණ්ඩායමේ කුඩාම කණ්ඩායමක් පුහුණු කළ යුතුයිඑක්කෝ ඔබේ,0,20246
64,1.42E+18,7/30/2021 7:40,Sport,ජාතික ක්රීඩා දින තේමා ගීතය ජය හඹා ලොවම කළඹන බය නොබා පෙරට පරදමින් පරාජිත අභියෝග කරයි ලොවට පැරදුම පරදන කාටත පුලුවන් දිරියෙන් දිදුළන කාටත පුලුවන් ජව පිටිය ජයගෙන දිය දෙබෑ කරන් පිහිනන හිරු පරාද කර අවදිව නිමා කළේ අදිටන අරමුණ හඳුනන කාටත පුලුවන්,7,194
66,1.42E+18,7/30/2021 7:34,Sport,ක්රීඩා සංගම් නියාමන පාර්ලිමේන්තු පනත,0,35
68,1.42E+18,7/30/2021 6:31,Sport,ටෝකියෝ ඔලිම්පික්හි වෙනි දින අද මලල ක්රීඩා ඉසව් ආරම්භ කරමින් පැවති ඉසව්වෙ සිව්වන මූලික වටයට ඉරිපත් වූ ශ්රීලංකා මලල ක්රීඩික නිමාලි ලියනආරච්චි එහි ස්ථානය ලබා ගනිමින් තරඟ අවසන් කරන ලදී,1,118
70,1.42E+18,7/30/2021 5:07,Sport,ඉන්දියාව පැවති තරගාවලිය ජයග්රහණ කරා මෙහෙයවූ අතිගරු ගෝඨාබය රාජපක්ෂ ජනාධිපති තුමා ත් අගමැති මහින්ද රාජපක්ෂ මැතිතුමා ත් ක්රීඩා ඇමති නාමල් රාජපක්ෂ මැතිතුමා ත් තිරය පිටුපස සිටිමින් සැබෑ නායකත්ව දුන් බැසිල් රාජපක්ෂ මැතිතුමා ත්,5,975
72,1.42E+18,7/30/2021 4:59,Sport,චීනයේ මුලු ක්රීඩා ක්ෂේත්රයට විරුද්ධව දැඩි බොරු ප්රචාරය බටහිර අධිරාජ්යවාදී මාද්ය ගෙන යන්නේ නිසවෙනි චීනයේ ජයග්රහන සමාජවාදී ඒකාදිපතියන්ගේ කුමණ්ත්රනයක් හුවා දක්වමින් සිටී,3,272
74,1.42E+18,7/30/2021 4:31,Sport,කොහොම අපේ ක්රීඩා ඇමතිතුමා ලස්සන,6,2167
76,1.42E+18,7/30/2021 3:38,Other,අවාසනාව ස්ත්රීපුරුෂභාවය වෙනස්කොට සැලකීමේ අවස්ථාව ක්රීඩා ක්ෂේත්රයේ බහුල,14,48051
78,1.42E+18,7/30/2021 3:33,Sport,ඔලිම්පික් තරග අද පැවැත්වුණ මලල ක්රීඩා මීටර කාන්තා ඉසව්වේදී නිමාලි හිමි වූ තැන,1,837
80,1.42E+18,7/30/2021 2:36,Sport,කියලා වැඩක් නැහැ ටීම් එකක කැපවී අවතක්සේරු කරනවා කවදාවත් ක්රීඩා කරලා නැතුව,1,269
82,1.42E+18,7/30/2021 2:15,Other,දුම්බීම රටක ක්රීඩාවට හිතකර වුන එකම අවස්ථාව ක්රීඩා වාර්තා පොත් අතරට එක්වේවිද,13,368
84,1.42E+18,7/30/2021 0:34,Sport,කඟවේණුන්ගේ ජවය උරගා බැලෙන ඔලිම්පික් මලල ක්රීඩා වසන්තය ඇරඹේ,1,1607
86,1.42E+18,7/29/2021 15:28,Entertainment,ජාතික ක්රීඩා විකාශය බලන්න,2,6472
88,1.42E+18,7/29/2021 14:34,Sport,ක්රීඩා ලෝලීන් හැටියට විරෝධය පානවා,1,854
90,1.42E+18,7/29/2021 13:18,Sport,ඕස්ට්රේලියා මලල ක්රීඩා කණ්ඩාය නිරෝධායනයට,0,837
92,1.42E+18,7/29/2021 13:12,Sport,මේධානී ජයමාන්න ලෝක ශූරතා කණිෂ්ඨ මලල ක්රීඩා තරගාවලියට සුදුසුකම් ලැබූ හැට,1,0
94,1.42E+18,7/29/2021 11:08,Sport,ඇත්තට වැඩ බැරි උන් ඇමතිකම් ජනාධිපති කම් ඔලිම්පික් කණ්ඩායමට වෙතත් හරි හමන ක්රීඩා නිළ ඇඳුමක බලාපොරොත්තු විමද විහිළුවකි මොන පදක්කම්,0,673
96,1.42E+18,7/29/2021 11:06,Sport,අපි සල්ලි දීල තියෙන්න ක්රීඩකයන් නිළ ඇඳුම් දෙන එක ඔලිම්පික් කමිටුවෙ වැඩක් ක්රීඩා අධ්යක්ෂ ජනරාල්,1,673
98,1.42E+18,7/29/2021 10:45,Sport,මේක මං ගමනේ එක කඩයිමක තරගයත් හොද කාලයන් වාර්තා කරලා ලංකාවේ මළල ක්රීඩා ඉතිහාසයේ පිටුවක ලියන බලාපොරොත්තු ඇතුව මං ජූලි ඔලිම්පික් ස්ටේඩියම් එකට යනවා එදා හම්බවෙමු හැමෝට ජය යුපුන් අබේකෝන්,2,1986
100,1.42E+18,7/29/2021 8:03,Sport,ජූලි තමයි දවසලංකාවේ මළල ක්රීඩා ඉතිහාසයේ පිටුවක ලියන බලාපොරොත්තු ඇතුව ජූලි ඔලිම්පික් තරග බිමට එන සහෝදරයාට ශ්රී ලාංකීය හැමෝගෙම ආශිර්වාද එදා හම්බවෙමුජය වේවා,55,118
102,1.42E+18,7/29/2021 6:44,Sport,මෙවර ඔලිම්පික් උළෙල සහභාගී ඔස්ට්රේලියානු මලල ක්රීඩා කණ්ඩාය නිරෝධායනයට යොමුකර තිබේ ඔලිම්පික් බලධාරී තීරණය ගෙන ඇත්තේ රිටි පැනීමේ ලෝක ශූර අමෙරිකානු ජාතික සෑම් කෙන්ඩ්රික්ස් කොවිඩ් ආසාදිත හඳුනා ගැනීමෙ අනතුරුව,0,105
104,1.42E+18,7/29/2021 6:08,Sport,ඔස්ට්රේලියානු ඔලිම්පික් කණ්ඩාය නිරෝධායනයට මෙවර ඔලිම්පික් උළෙල සහභාගී ඔස්ට්රේලියානු මලල ක්රීඩා කණ්ඩාය නිරෝධායනයට යොමුකර තිබේ විස්තර,7,110509
106,1.42E+18,7/29/2021 5:59,Sport,ආබාධ හේතුවෙ ඉසුරු උදාන හට අවසන් තරඟ අහිමි වෙයි ධනංජය ලක්ෂාන ඔහු ක්රීඩා කිරීමට ඉඩක් පවතී,50,1310
108,1.42E+18,7/29/2021 3:29,Politics,ක්රීඩා ඇමති ලංකාවේ ගහපු පරාද රට ගියාම න් දිනුම,5,1675
110,1.42E+18,7/29/2021 3:25,Entertainment,ඔලිම්පික් ක්රීඩා උළෙලේ භාවිත බේස් බෝල් පන්දුව ශ්රී ලංකාවේ නිෂ්පාදනය මෙවර ටෝකියෝ ඔලිම්පික් ක්රීඩා උළෙලේ බේස් බෝල් ක්රීඩාවේ භාවිත පන්දුව ශ්රී ලංකාවේ නිෂ්පාදනය කරන ලද්දකි,5,22240
112,1.42E+18,7/29/2021 1:58,Entertainment,ශ්රිලංකා ඉන්දු සංචාරය ක්රීඩා වේ ජීව ගුණයට ආදර්ශය සැපයූ සංචාරයක්,1,37
114,1.42E+18,7/29/2021 0:27,Sport,සිංහ ධජ සහිත නිල ඇඳුම සියල්ලන් තිබුණත් ඇතැම් අය සුපුරුදු ලකී කිට් එක ඇඳ ක්රීඩා කළා,1,1607
116,1.42E+18,7/28/2021 20:11,Sport,පළමු කාර්තුවේදී ජාත්යන්තර ක්රීඩා ඉසව් පවත්වයි,0,234
118,1.42E+18,7/28/2021 18:26,Sport,සිරාවට ඕයි තෝ පිලිලයක් ලංකාවේ ක්රීඩා ලෝලින්ට,0,5008
120,1.42E+18,7/28/2021 18:13,Sport,අද දින ආර් ප්රේමදාස පිටියේ පැවති ශ්රී ලංකා ඉන්දියාව විස්සයි තරඟ ශ්රී ලංකා අවසාන ඕවරයේ පන්දු තිබියදී ඉන්දියාව රැස්කළ ලකුණු පසුකර යාමෙන් තියුණු ජයග්රහණයක් ලබා ගන්නා ලදි තරගයේදී නොදැවී ක්රීඩා කළ ධනංජය සිල්වා ලකුණු,2,6740
122,1.42E+18,7/28/2021 12:52,Sport,ඔලිම්පික් ක්රීඩා උළෙලේ පදක්කම් සටහන,0,8026
124,1.42E+18,7/28/2021 11:46,Sport,අද හඳුනාගත ආසාදිතයින් ඔලිම්පික් ක්රීඩා ගම්මානයට සම්බන්ධ නැහැ සංවිධායකයින් පවසයි,0,2025
126,1.42E+18,7/28/2021 10:43,Sport,විශ්වාස දායක ආරංචි මාර්ග ශ්රී ලංකා ඉන්දියාව තරගාවලිය නියමිත පැවැත්වී හැකි ක්රීඩා මාධ්ය වේදී ධනුෂ්ක අරවින්ද මහතා සටහනක තබමින් සදහන් කරයි,2,1310
128,1.42E+18,7/28/2021 10:29,Sport,ඔලිම්පික් ක්රීඩා උළෙලේ පදක්කම් සටහනේ පළමු ස්ථානයට පැමිණීමට චීනය සමත් තිබේ චීනය රන් පදක්කම් රිදී පදක්කම් ලෝකඩ පදක්කම් දිනාගෙන ඇත දෙවන ස්ථානයේ රැදී සිටින සත්කාරක ජපාන රන් රිදී ලෝකඩ පදක්කම් ජයග්රහණ කර තිබේ,0,105
130,1.42E+18,7/28/2021 10:08,Entertainment,ජපානයේ ටෝකියෝහිදී පැවැත්වෙන ඔලිම්පික් ක්රීඩා උළෙලේ බේස්බෝල් තරගාවලිය පාවිච්චි කරන බේස්බෝල් පන්දු ශ්රී ලංකාවේ නිෂ්පාදනය කළ පන්දු වීම වඩාත් කැපී පෙනේ ඔලිම්පික් ක්රීඩා ඉතිහාසයේ ශ්රී ලංකාවේ නිෂ්පාදිත පන්දුවක් තරග යොදාගත් පළමු අවස්ථාව,0,105
132,1.42E+18,7/28/2021 9:47,Sport,කුර්නාල් පාණ්ඩ්යො ආශ්රීතයන් ශිකර් ධවාන් හාර්දික් පාණ්ඩ්යො පෘථිවි ෂෝ සුර්යකුමාර් යාදෙව් ඉෂාන් කිෂන් මනිෂ් පාණ්ඩේ කේ ගෞතම යුෂ්වේන්ද්ර චාහල් ක්රීඩකයි දෙනා ඉදිරි තරග දෙක ක්රීඩා කිරීමට හැකියා,1,1651
134,1.42E+18,7/28/2021 7:09,Entertainment,ඔලිම්පික් ක්රීඩා උළෙලේ භාවිත බේස් බෝල් පන්දුව ශ්රී ලංකාවේ නිෂ්පාදනය,11,8793
136,1.42E+18,7/28/2021 7:06,Sport,ඔලිම්පික් ක්රීඩා උළෙලේ පදක්කම් සටහනේ පළමු ස්ථානයට පැමිණීමට සත්කාරක ජපාන සමත් තිබේ ජපාන රන් පදක්කම් රිදී පදක්කම් ලෝකඩ පදක්කම් දිනාගෙන ඇත මෙවර ඔලිම්පික් උළෙලේ වැඩිම පදක්කම් සංඛ්යාවක් දිනාගෙන රට වන්නේ ඇමෙරිකා,0,105
138,1.42E+18,7/28/2021 7:02,Sport,දශක ගණනාවක් තිස්සේ පිහිනුම් ඉසව් වලදී පිරිමින් පමණක වැඩිදුර තරග නිර්දේශවූ ඔලිම්පික් ක්රීඩා උළෙලේදී මීටර දුර නිදහස් ආර පිහිනීමට කාන්තාවන්ට ලබාදුන් ප්රථම අවස්ථාව මෙවර ටෝකියෝ ඔලිම්පික් උළෙලේදී සිදුවිය එහි අවසන් තරඟ අද පැවති කේටි ලෙඩෙක්,0,6740
140,1.42E+18,7/28/2021 6:17,Sport,ජාතික ක්රීඩා දිනය නිමිත්තෙන් දීපව්යාප්ත වැඩසටහන් රැසක්,0,2025
142,1.42E+18,7/28/2021 6:14,Sport,ශ්රී ලංකා කණ්ඩායමේ ක්රීඩකයන් දෙදෙන අද ඉන්දියාව පිල ක්රීඩා කරනු ඇත,37,5810
146,1.42E+18,7/28/2021 3:39,Sport,කීර්තිය ගේන් ගිය ක්රීඩකයන් ජාතික කොඩිය මහපු නිල ඇඳුමක දෙන්න බෑ ඒත් ක්රීඩා ඇමති ඇමතිලා තුන් දෙනෙක් එක්ක ප්ලේන් එකේ ගමන් සෙල්ෆි ගහල දානවා කොඩිය එක්ක මහපු ජර්සියක් ඇඳගෙන,2,3245
148,1.42E+18,7/28/2021 3:12,Sport,වසරේ පැවැත්විම නියමිත ඔලිම්පික් උළෙල සදහා ක්රීඩා ඉසව් ක්රිකට් ක්රීඩාව ඇතුළත් කිරීමට අදහස් කර කුමන ආකෘති සදහා ඇතුළත් කරයිද යන්න තවම තිරණ කර නොමැත,16,1310
150,1.42E+18,7/28/2021 1:07,Politics,ක්රීඩා පනත ඇමැති ඔලිම්පික් ලොක්කෝ සාකච්ඡාවක,1,1607
152,1.42E+18,7/28/2021 0:57,Sport,බලන්න ඔලිම්පික් ගිය ක්රීඩකයො කවුරු ලංකා කොඩිය පැලඳලා ඔවුන්ගෙ හීනමානෙ නීසා ඒත් බලන්න අපේ ක්රීඩා අමාත්යතුමා එතුමා බොහෝම ආඩම්බරෙන් ශ්රීලාංකික කොඩිය පැලඳගෙන ඉන්න මෙවැනි තරුණ නායකයෙක් අනාගත ජනාධිපති කරවීම අපි ලබන භාග්ය නොවේද,3,4106
154,1.42E+18,7/27/2021 18:09,Sport,ඉඩම් ඇමති නාමල් එක්ක ඔලිම්පික් ගියේ ඉඩම් ක්රීඩාවක තියනවද අදාල නැති ඇමතිවරු තිදෙනෙක් ක්රීඩා ඇමති ඔලිම්පික් ගිහින්,1,1631
156,1.42E+18,7/27/2021 14:27,Sport,ඔලිම්පික් ක්රීඩා උළෙලේ තරඟ ඉසව් රැසක් කල් දැමේ,1,1607
158,1.42E+18,7/27/2021 12:42,Sport,ලැබු ප්රතිඵලය තමන් සතුටුට පත් නොවන තමන් අතින් උපාය මාර්ගික වරදක් සිදුවු මැතිව් අබේසිංහ පවසනව ජය පරාජය ක්රීඩාවේ අංගය තම ක්රීඩා දිවිය ජයග්රහණ වගේම පරාජයන් තමන් අත්විද පිහිණුම් ශූර මැතිව් අබේසිංහ ප්රකාශ කළා,20,3654
160,1.42E+18,7/27/2021 11:55,Sport,ක්රීඩා ඇමතිට අමතර තෙනුක විදානගම රොෂා රණසිංහ ඩී වී චානක ජපාන සවාරියේ යෙදී සිටින අමාත්ය මණ්ඩල සාමාජිකයන් නේද බැසිල් ඇමති කිව්වා වගේ දූෂණ නාස්තිය අවම කරන්නේ මෙහෙමද,0,3245
162,1.42E+18,7/27/2021 11:32,Sport,රට ඔලිම්පික් උළෙලේදී ක්රීඩා කල ඔබට අපගේ ස්තුති,4,118
164,1.42E+18,7/27/2021 10:26,Sport,පසුගිය ඉරිදා පැවති පළමු විස්සයි තරඟ ක්රීඩා කළ ඉන්දියාව තුන් ඉරියව් ක්රීඩක කොවිඩ් වෛරස ආසාදන වී තහවුරු වීමත් අද පැවැත්වී නියමිත දෙවන විස්සයි තරඟ කල් දැමීමට තීරණය කර තිබෙනව,80,2875
166,1.42E+18,7/27/2021 10:26,Sport,මම හිතන්නේ මුළු ජීවිත කාලෙම රජයෙන් එයාට පහසුකම් සපයන්න ඕනි කියලාඑයා ලබපු ජයග්ර,0,956
168,1.42E+18,7/27/2021 8:04,Sport,ක්රීඩා කරන්න කියලාද,0,4472
170,1.42E+18,7/27/2021 7:16,Other,ලොව හොඳ අධ්යාපනය සහිත රට අධ්යාපනය සම්පුර්ණ නොමිලේ වගේම ලොව හොඳ අධ්යාපන ක්රමය තියෙන්නෙත් ෆින්ලන්තයේපොත්පත් පාසල් උපකරණ ක්රීඩා භාණ්ඩ නොමිලේ සපයන වගේම අසහනකාරී විභාගත් නෑතව ටියුෂන් වගේම ෆින්ලන්ත දරුවෝ ලොව අඩුම මානසික පීඩයක් සහිත දරුවෝ,21,1327
172,1.42E+18,7/27/2021 7:14,Sport,ක්රීඩාව ජීවිතේම කොටසක් රටේ හැමකෙනෙක්මවගේ කිසියම් හෝ ක්රීඩාවක කරනවා අන්තර්ජාතික ක්රීඩා වගේම දේශීය ක්රීඩාත් තියෙනවා බිරිඳ කරේ තබාගෙන දිවීම රටේ ජනප්රිය ක්රීඩා අංගය,18,1327
174,1.42E+18,7/27/2021 6:52,Entertainment,සමහර ඔලිම්පික් වාර්තා දශක කිහිපයක් තිස්සේ තවම නොබිඳී පවතින දශක කට කාලයක් පුරාවට නොබිඳී පවතින ඔලිම්පික් මලල ක්රීඩා වාර්තා,7,1182
176,1.42E+18,7/27/2021 5:55,Sport,මෙවර ජපානයේ ඔලිම්පික් ගිනි සිළුව දැල්වීමටද තෝරාගත එරට ජනප්රියම ක්රීඩා තාරකාව හැටියට සැලකෙන ටෙනිස් ශූරී නයෝමි ඔසාකා තුන්වන වටයේ තරගයකින් පැරදී ඔලිම්පික් ටෙනිස් තරඟාවලියෙ ඉවත්වී සිදුව තිබේ අද අඟහරුවාදා පැවති ටෝකියෝ ටෙනිස් තරගාවලියේ තෙවැනි වටයේ,1,6740
180,1.42E+18,7/27/2021 3:11,Sport,කතාව ඇත්ත වගේම ක්රීඩාවෙන් ජාත්යන්තර ජයග්රහණ ගෙනාව සුසන්තික හිතුවා මුලු ජීවි,1,6
182,1.42E+18,7/27/2021 1:56,Sport,ක්රීඩිකාව ක්රීඩිකයෙක් මම ගරු කරන චරිත දෙකක් පුළුවන් හැම වතාවෙම අර,9,5195
184,1.42E+18,7/26/2021 12:35,Sport,ඔලිම්පික් ක්රීඩා උළෙලට සහභාගී වූ නිලූක කරුණාරත්න චාමර නුවන් තරඟ බිමට,3,2025
186,1.42E+18,7/26/2021 11:40,Politics,සබඳතා සෞභාග්යය බුදු දහම කුසලතා සංවර්ධන ආපද කළමනාකරණ සංවර්ධන සහයෝගීතාවය ක්රීඩාතරුණ සබඳතා ගුවන සාගර සම්බන්ධකතාවය ප්රවර්ධන කිරීමට ප්රකාශයට පත් කරන ලද ඇඩොමිලියන ප්රදානය තුළින් පිළිඹිබු එතුමා ප්රකාශ කළේය,1,22220
188,1.42E+18,7/26/2021 11:23,Sport,වර්ල්ඩ් කප් එකක් දින්නන්නම වෙයි අනිත් ඒව කා වදින්න ගනන් වල ක්රීඩාව ක්රීඩා ලෝලියා,0,600
190,1.42E+18,7/26/2021 11:13,Sport,ජාතික ක්රීඩාව වොලිබෝල් හෝ අනෙකු ක්රීඩා තරඟ පාපන්දු බාස්කට් බෝල් රගර් පැරද්දෙදි මිනිස්සු කෑගහන්නෙ නැත්තෙ ලංකා ඉන්නෙ ක්රීඩා ලෝලීන් ක්රිකට් ලෝලින්ද,9,600
193,1.42E+18,7/26/2021 9:35,Sport,ගරු තරුණ ක්රීඩා අමාත්ය නාමල් රාජපක්ෂ මැතිතුමන් එක්සත ජාතීන් මානුෂීය කටයුතු ප,0,395
195,1.42E+18,7/26/2021 9:12,Politics,වනවිට ජපානයේ ඔලිම්පික් උළෙල නැරඹීම ගොස් සිටින ක්රීඩා ඇමති නාමල් රාජපක්ෂ ජප බසින් ට්විටර් පණිවිඩයක නිකුත් කර තිබේ එහි දැක්වේ වෙළඳ රැකියා සංචාරක ආයෝජන සංස්කෘතිය තරුණ හුවමාරුව දෙරටේ සංවර්ධනයේ අන්යෝන්ය වාසිදායක වැදග,1,6740
197,1.42E+18,7/26/2021 9:10,Sport,ලෝකෙ රෙදි මහන රටකට ඔලිම්පික් කණ්ඩායමට ඒඒ ක්රීඩාවට අදාලව ජාතික ක්රීඩා ඇදුම සපයගන්න බැරි වුවමනා නැති කමද ගාණක් නැති කමද,2,644
199,1.42E+18,7/26/2021 7:57,Sport,වයස අවුරුදු ක්වූ ජපානයේ මොමිජි නිෂියා සඳුදා ටෝකියෝ නුවර පැවති ක්රීඩා උළෙලේ කාන්තා වීදි ස්කේට්බොඩිං ක්රීඩාවේ ප්රථම ඔලිම්පික් රන් පදක්කම දිනා ගනිමින් ඉතිහාසය අලුත කළාය රිදී පදක්කම දිනාගත් බ්රසීලයේ රයිසා ලීල්ද වයස දැරියකවූ හැවිරිදි ජප,4,6740
201,1.42E+18,7/26/2021 7:50,Sport,ඔලිම්පික් ක්රීඩා උළෙලක සුදුසුකම් ලැබූ පළමු ශ්රී ලාංකේය ජිම්නාස්ටික් ක්රීඩිකාව මිල්කා ගෙහානි ඇයගේ දක්ෂතා විනය ක්රීඩාව කෙරෙහි දක්වන කැපවී ආදී වූ සාධක මතින් ටෝකියෝ ජිම්නාස්ටික් තරඟබිමේදි මව්රටට ගෞරවයක් ගෙනදෙමින් ක්රීඩා කළා,0,26
203,1.42E+18,7/26/2021 7:05,Sport,නිලූකගෙ පරණ එකක් දිග වෙන්නෙ කියලා බැලුවා බලද්දි චාමිකගෙ ලා ඇවිත දාන් අරං ක්රීඩා වලින් මොන තිබුණත් වැඩක් ක්රිකට්ම ගහන්න ඕන ජනප්රිය වෙන්න නං,30,2146
205,1.42E+18,7/26/2021 6:25,Sport,ඔලිම්පික් අද තරග ඉසව් ටෝකියෝ ඔලිම්පික් ක්රීඩා උළලේ තුන්වන දිනය අදයි විස්තර,6,110509
207,1.42E+18,7/25/2021 17:47,Sport,ඔලිම්පික් උළෙල නියෝජන කරන රිද්මයානූකූල ජිම්නාස්ටික් ක්රීඩා ඉසව් ඉදිරිපත් වූ ශ්රීලාංකික කන්ඩායම නායිකා මිල්කා සිල්වා අද සහභාගි වූ මූලික වටයේදී පලමු තරඟයේ ස්ථානය ලබා ගනිමින් තරඟ අවසන් කර තිබේ ඇයට තරඟ වට ඉතිරිව තිබෙනව සිය දක්ෂතා පෙන්වීම,6,118
209,1.42E+18,7/25/2021 16:23,Sport,ක්රීඩා කරන කෙනෙක් ඇමති උනා කිව්වතරුණයෙක් ක්රීඩා ඇමති උනා කිව්ව ලැජ්ජ වෙන්න ඕනෙ,0,31
211,1.42E+18,7/25/2021 15:40,Sport,නිවස් වලට පැය බාගෙම කිව්වෙ මරණෙ ක්රීඩා පුවත්වලට ගියෙට් ක්රිකට් ටීම් එකේ සයිලන්ස්,1,422
213,1.42E+18,7/25/2021 14:07,Other,ළමයෝ ළමයෝ ආන්ටි ක්රීඩා ඇමතිආණ්ඩුව එක්ක තියන ඇරියස් එකක් කවර් කරන්නේ ආන්,1,1174
215,1.42E+18,7/25/2021 11:59,Sport,දේශපාලනය පෙරලුණාට ක්රීඩාව පෙරලන්න බැහැ ඕස්ට්රේලියා මලල ක්රීඩා කණ්,0,31
217,1.42E+18,7/25/2021 11:57,Other,අපි ඉස්කෝලේ ගිය කාලේ උදේ නැගිටලා සීසන් බස් එක අල්ලන්න බලං ඉන්න ආයේ හවස දූවලා ඇවිත බස් එකේ නැගල පැයක් විතර ගිහින් තමයි ගෙදර එන්නේ ඉතිං කොහොම බන් ක්රීඩා ප්රැක්ටිස් යන්නේ ඔය විදිහට තමයි ලංකාවේ ගොඩක් ස්කෝල ලමයි දවස ගෙවන්නේ,15,10159
219,1.42E+18,7/25/2021 11:51,Sport,ඔලිම්පික් ක්රීඩා උළෙලේ මිල්කා ගිහානී තැනට,0,252
221,1.42E+18,7/25/2021 10:48,Entertainment,යුරෝපය ඇමරිකාවේ වගේ උස මහත මිනිසුන් ඒත් චීනෙ ක්රීඩා වලින් අංක එකට එනවා,2,5771
223,1.42E+18,7/25/2021 6:22,Sport,භානුක රාජපක්ෂ අද තරඟ ක්රීඩා කිරීම අවිනිශ්චිත තත්වය වාර්තා වනවා තවම නිශ්චිතව සම්බන්ධව කිසිදු ලෙසකින් දන්වා නැත,25,1310
225,1.42E+18,7/25/2021 6:10,Sport,සෞඛ්ය ක්රීඩා වල විවිධත්ව සමානාත්මතාව ප්රවර්ධන කිරීම ලෝක සෞඛ්ය සංවිධානය අවබෝධතා ගිවිසුමක් අත්සන කරයි,0,234
227,1.42E+18,7/25/2021 4:47,Sport,ඔලිම්පික් ක්රීඩා උළෙලේ ප්රථම රන් පදක්කම චීනය,1,837
229,1.42E+18,7/25/2021 3:43,Other,තාත්තා පුරුදු වුනු ක්රීඩා ආදරේ,2,48
231,1.42E+18,7/24/2021 15:04,Sport,කාලෙට එදා ඉඳන් අපේ ගෙදර පුරුද්ද තමයි මොන ගේම් එක පෙන්නුවත් කවුරු බැලුවත් නොබැලුවත් එක ඔහේ එකේ තියෙනවා එන ගමන් කවුරුහරි බෙල්ල දික් කරලා එකක් හරි බලන් යනවා අඩුගානේ අම්මා එබිලා ලස්සන ගෑණු ළමයෙක් කියාගෙන හරි යනවා තාත්තා පුරුදු වුණු ක්රීඩා ආදරේ,101,2146
233,1.42E+18,8/1/2021 16:59,Other,ප්රවීණ සිනමා නිළි ශ්රීයානි අමරසේන කොරෝනා රෝගය ගොදුරු ඇතැයි වාර්තාවේ ඇයගේ අසනීප තත්වය දැනුම්දී ඇත්තේ හිතවත් කලා ශිල්පී දයාන් විතාරණයි ඔහුගේ ෆේස් බුක් සටහන පහත පරිදිය සිනමා නිළි ශ්රීයානි අමරසේනට කොරෝනා,4,6740
235,1.42E+18,7/30/2021 6:24,Entertainment,අපි සිනමා නිර්මාණය කියැවීම කියවන්න සම්පුර්ණ වචන ගොඩවන්න රචනය විමූ රත්නා,0,139
237,1.42E+18,7/27/2021 3:46,Entertainment,සුපිරිම ෆිල්ම් ගොඩක් ප්රිමියර් වැනිස් සිනමා උළෙල,1,221
239,1.42E+18,7/26/2021 15:32,Entertainment,ආර්ථිකය බිමට වට්ටපු හැටි කතාකරනකොට රනිලුත් ජේ ආරුත් වැඩක් චීනාගෙන් ගිනිපොළියට ණය අ,0,202
242,1.42E+18,8/1/2021 19:03,Politics,මං මුදල් නැති මුදල් ඇමති බැසිල්,1,28580
246,1.42E+18,8/1/2021 14:54,Politics,ඇමති කියලා වවං කනවද හැමදාමත් පිනට තමයි කන්නේ බොන්න අඳින්නේ,0,393
248,1.42E+18,8/1/2021 14:36,Politics,ඇමති අරුන්දිකට දොස්තර වෙන්න බැරිවුනේ,1,974
250,1.42E+18,8/1/2021 13:08,Other,,4,20
252,1.42E+18,8/1/2021 11:09,Politics,ඇමති බන්දුල නූලෙන් බේරේ ගල්ලෙනක කළු ගලක හිස අසලින් බිමට වැටේ,0,1631
254,1.42E+18,8/1/2021 9:31,Politics,හයියෝ අපරාදේ මිස් උනේ ලෝකෙ ලොකුම සේවයක් මිස් උනා ඇමති බන්දුල නූලෙන් බේරේ ගල්ලෙනක කළු ගලක හිස අසලින් බිමට වැටේ ජයගම,5,370
256,1.42E+18,8/1/2021 9:30,Politics,නවසීලන්ත කොමසාරිස් අධිකරණ ඇමති හමුවෙයි,0,23
258,1.42E+18,8/1/2021 9:22,Other,ගල් පැලෙන බොරු කියන බේරි ලූ,2,62
266,1.42E+18,8/1/2021 7:30,Politics,දේශපාලනයෙන් ඈත්වී සිටින හිටපු මුදල් ඇමති මංගල සමරවීර ඉරිදා අරුණ පුවත්පත පැවැත්වූ සම්මුඛසාකච්චාවකදී සමාජ මාධ්ය සම්බන්ධ තිබෙන අදහස් කිහිපයක් පහතින් මහරජ මංගලට රඟපාන්න හිතුණේ ටික් ටොක් වැඩක් වස්ති නිෂ්පාදනය එය තරුණ කණ්ඩාය,1,6740
268,1.42E+18,8/1/2021 5:13,Crime,අපරාධ වාර්තා කොට්ඨාශ නිරීක්ෂණයට ගිය පලමු පොලිස් ඇමති,0,126
270,1.42E+18,8/1/2021 5:09,Crime,ඇමති පුතෙකු විදෙස් පෙම්වතිය බම්බලපිටියේදී ගෙල වැලලාගනී,1,1631
272,1.42E+18,8/1/2021 4:05,Politics,ඇමති බැසිල් තානාපතිවරු හමුවක්,0,32
274,1.42E+18,8/1/2021 3:49,Politics,කියුබානු තානාපතිවරයා විදේශ ඇමති සාකච්ඡා,0,2269
276,1.42E+18,8/1/2021 3:26,Politics,මම මෙවර සියලු මැති ඇමති දීමනා කපාහැර පාර්ලිමේන්තුවාර මුළු මුදලක් ජනාධිපති වැය ශීර්ෂයෙන් වූ මුදලක්ද සියල් ගුරු දිරි දීමනාව ඔවුන් කාලය තුල සිදුකරන ඉගැන්වීම ගෙවීමට බලාපොරොත්තු වේ මුදලින් නොමිලේ අන්තර්ජාල පහසුකම් ඔවුනට ලබාදෙමි,22,10548
278,1.42E+18,8/1/2021 2:49,Politics,ජපාන නෙදර්ලන්ත මැලේසියා රටවල් තානාපතිවරු මුදල් ඇමති හමුවෙති,2,22240
280,1.42E+18,8/1/2021 1:03,Politics,ඩන්කන් වයිට් ලෝක වාර්තව තිබ්බෙ තනියම ගිහින් කිසිම වාර්තව නොතියා අද මිනිස්සු යන්නෙ අසරන මිනිස්සු බඩගින්නෙ ඉන්න ලෝකෙ හතරවටේ ටම නයවෙලා ඉදගෙන බිලියන ගනනක් වියදම් කරමින් ඇමති ටයි නිලදරින්ටයි හෙන ගහන්න ඕන බන්ගලදෙශයටත් නයවෙලා,2,60
282,1.42E+18,7/31/2021 14:28,Politics,විදුලි බල අමාත්ය ඩලස් අලහප්පෙරු මහතාද කොළඹ සිය නිවෙසේ ස්වයං නිරෝධායනයට යොමුවී සිටී ඇමැතිවරයා කාර්ය මණ්ඩලයේ දෙදෙනෙකු කොවිඩ් ආසාදන වී තහවුරු වීමත් ඔහු නිරෝධනයට යොමු වී ඇත,0,105
284,1.42E+18,7/31/2021 9:09,Crime,හිටපු ඇමති පුතාගේ නේපාල ජාතික පෙම්වතිය වැල්ලවත්ත කාමරයේදී ගෙළ වැළලාගෙන,1,1631
286,1.42E+18,7/31/2021 9:05,Crime,හිටපු ඇමති පුතෙකු විදෙස් පෙම්වතිය ගෙල වැලලාගනී,1,28580
294,1.42E+18,7/31/2021 8:00,Other,අක්කේ අය මෙහෙම කරන්නේ මුන්ට කරන්න වැඩක් ඇත්තෙම නැද්ද අපිත් වෙලා කාලයක් හි,4,441
302,1.42E+18,7/31/2021 4:39,Politics,සඳුදා රට අරින තීරණය දුරට වෙනස් වෙන්න පුළුවන් රාජ්ය ඇමති සුදර්ශනී,0,591
304,1.42E+18,7/31/2021 3:27,Politics,මං සෞඛ්ය ඇමති කාලෙ වසංගත හයක් තුරන් කලා ආණ්ඩුවට කොරෝනා තුරන් කරගන්නවත් බෑ,0,1018
306,1.42E+18,7/30/2021 23:44,Politics,කටාන සංවර්ධන සැලැස්මට සියල් සූදානම් මූලික බිම් පරික්ෂාවට ඇමති සුදර්ශිනී එක්වෙයි,1,22240
308,1.42E+18,7/30/2021 23:22,Politics,අභිනව නවසීලන්ත කොමසාරිස් අධිකරණ ඇමති හමුවෙයි,1,22240
316,1.42E+18,7/30/2021 16:31,Politics,ඇමති සරත්ගේ යටතේ තිබූ දෙපාර්තමේන්තු දෙකක් ජනපති යටතට පවරමින් අතිවිශේෂ ගැසට් පත්රයක,3,8026
318,1.42E+18,7/30/2021 9:51,Politics,වැඩේ තියෙන්නේ ලංකා ඔය වසංගතේ ගෙනාපු ඩයල් එක ඇමති කෙනෙක්නෙ,0,9485
320,1.42E+18,7/30/2021 7:18,Politics,හිටපු නියෝජ්ය ඇමති සරණ ගුණවර්ධන අල්ලස කොමිසම ගොනුකර තිබූ නඩු කින් නිදහස්,0,383
324,1.42E+18,7/30/2021 6:39,Politics,ඇමති අරුන්දිකට දොස්තර අරුන්දික වෙන්න බැරිවුනේ,0,289
326,1.42E+18,7/30/2021 6:34,Politics,හිටපු නියෝජ්ය ඇමති සරණ නඩු අටකින් නිදහස්,0,65304
328,1.42E+18,7/30/2021 6:34,Crime,අල්ලස කොමිසම ගොනුකර තිබූ නඩු කින් හිටපු නියෝජ්ය අමාත්ය සරණ ගුණවර්ධන මහතා නිදහස් කරන කොළඹ මහෙස්ත්රාත් අධිකරණය නියම කළේය නඩු අද කොළඹ ප්රධාන මහෙස්ත්රාත් බුද්ධික සී රාගල මහතා ඉදිරියේ කැඳවනු ලැබීය,0,105
330,1.42E+18,7/30/2021 5:43,Crime,හිටපු නියෝජ්ය ඇමති සරණ ගුණවර්ධන නඩු කින් නිදහස් කෙරේ,0,35
332,1.42E+18,7/30/2021 5:22,Other,සංවර්ධන ලොතරැයි මණ්ඩලයේ සභාපති සිටියදී එහි වාහන අවභාවිත කළ අල්ලස කොමිසම පවරා තිබූ නඩු කින් හිටපු නියෝජ්ය ඇමති සරණ ගුණවර්ධන නිදහස් කෙරේ,0,1277
334,1.42E+18,7/30/2021 5:22,Other,හිටපු නියෝජ්ය ඇමති සරණ අල්ලස නඩු කින් නිදහස්,5,120164
338,1.42E+18,7/29/2021 18:12,Other,ඇමති තුමා හරි පොටෝ එක ගන්න පොටෝ කීයක් ගත්තාද,1,62
340,1.42E+18,7/29/2021 15:23,Other,එළදෙන හර ගාලේ ගාල්කරන්නේ නැතිව ඇමති කමක් දුන්නාම අහන්න වෙන්නේ මේව ගොන් කථා තමයි,2,198
342,1.42E+18,7/29/2021 14:22,Other,කඩිනමි තමාට හිමි එන්නත ලබාගන්න රාජ්ය ඇමති ඉල්ලයි වයස අවුරුදු පුද්ගලයින් එන්නත්කරණයට ලක්වීමේ වැදගත්කම සෞඛ්ය බලධාරී නැවත නැවත අවධාරණ කරති විස්තර,8,110509
344,1.42E+18,7/29/2021 14:18,Other,ඔය ක්රිකටර්ස් ලා විනය විරෝධී ගමන් ගිහිං තරඟ තහනම් වෙලා දඩ කෑවා වගේ නෙවේ විනය විරෝධිව ජපානේ ගිය රාජ්ය ඇමතිලා ටිකට ජනාධිපති තුමා දඩ ගහල ඇමති කමෙනුත් එලොපුවම කට්ටි තේරෙයි රටේ හැමෝට තියෙන්නේ එකම නීතිය කියලා සර් එක්ක ලේසි වෙන්නේ නැහැ වල්කන්ට්රිවල්ලෝ,0,208
346,1.42E+18,7/29/2021 14:18,Politics,සංචාරක ක්ෂේත්ර ප්රවර්ධන සැලැස්ම සංචාරක ආකර්ෂණය ජලජ ගුවන ධාවන පථ පිහිටුවිය හැකි ස්ථාන හඳුනා ගෙන තිබෙන සංචාරක ඇමති ප්රසන්න රණතුංග මහතා පවසයි ජලජ ගුවන පථ ක්රියාත්මක බෙන්තොට ගඟ කැළණි ගඟ පොල්ගොල්ල,0,105
352,1.42E+18,7/29/2021 12:53,Politics,ගොවියා ඉල්ලීම ඇමති මහින්දානන්ද අමුතු පිළිතුරක්,0,704
354,1.42E+18,7/29/2021 12:25,Politics,ඇමති විමල් නිරෝධායනයට,1,2025
360,1.42E+18,7/29/2021 10:27,Politics,ඇමති විමල් දින ස්වයං නිරෝධායනයට,1,32
362,1.42E+18,7/29/2021 9:32,Politics,ඇමති විමල් වීරවංශ ස්වයං නිරෝධායනයට,4,8026
364,1.42E+18,7/29/2021 9:08,Politics,ඇමති විමල් වීරවංශ නිරෝධානයට,0,23
366,1.42E+18,7/29/2021 8:59,Politics,ඇමති විමල් දින ස්වයං නිරෝධායනයට කර්මාන්ත අමාත්ය විමල් වීරවංශ මහතා දින කාලයක් ස්වයං නිරෝධායනය යොමුව තිබේ විස්තර,4,110509
368,1.42E+18,7/29/2021 8:21,Politics,ඇමති විමල් නිරෝධායනයට ලක් කරයි,1,28580
374,1.42E+18,7/29/2021 7:51,Politics,ඇමති විමල් නිරෝධායනයට යොමු වෙයි,0,35
376,1.42E+18,7/29/2021 6:13,Politics,කොතලාවල විශ්වවිද්යාල පනත විවාදයට ගන්න කලින් ඇමති චමල් මන්ත්රීවරු හමුවෙන් සූදානමි,1,2025
378,1.42E+18,7/29/2021 5:55,Politics,කොතලාවල පනතේ විවාදයට පෙර මන්ත්රීවරුන්ට ඇමති චමල්ගේ ප්රධානත්වය සාකච්ඡාවක් විස්තර,0,662
380,1.42E+18,7/29/2021 5:54,Politics,කොතලාවල පනතේ විවාදයට පෙර මන්ත්රීවරුන්ට ඇමති චමල්ගේ ප්රධානත්වය සාකච්ඡාවක්,0,35
382,1.42E+18,7/29/2021 5:17,Other,පරයාට ඇමති ධූර ලබා විල්පත්තුවත් නින්දගමක් බාර මූව ඔසොවා තැබීමට අබ මල් රේණුවක් ත,2,1956
384,1.42E+18,7/29/2021 4:58,Other,ඩන්කන් වයිට් ලෝක වාර්තව තිබ්බෙ තනියම ගිහින් කිසිම වාර්තව නොතියා අද මිනිස්සු යන්නෙ අසරන මිනිස්සු බඩගින්නෙ ඉන්න ලෝකෙ හතරවටේ ටම නයවෙලා ඉදගෙන බිලියන ගනනක් වියදම් කරමින් ඇමති ටයි නිලදරින්ටයි හෙන ගහන්න ඕන බන්ගලදෙශයටත් නයවෙලා රට චීනය උගස්තියලා,2,60
386,1.42E+18,7/29/2021 4:12,Politics,ඇමති තෙහෙළිය කියන්නේ බොරු ඇමති රොෂා කියයි,0,201
388,1.42E+18,7/28/2021 15:57,Politics,පොලිස් ඇමති සරත් වීරසේකර මහතාට සජබපාමන්ත්රී හරී මහතාගෙ විවෘත ආරාධනය,5,140
394,1.42E+18,7/28/2021 14:34,Politics,සුව සැරි ගිලන් රථ සේවාව හිටපු ඇමති හර්ෂ සිල්වා අදහස් දක්වයි,7,65304
396,1.42E+18,7/28/2021 13:11,Politics,ජාතික අවශ්යතා සලකා දරුවන්ගේ අධ්යාපනය ඉඩ වෙන් කරන්න ඇමති කෙහෙළිය මාධ්යයෙන් ඉල්ලයි,0,2025
398,1.42E+18,7/28/2021 11:53,Other,ඔලිම්පික් තරගාවලියට ක්රීඩකයො යි ඇමතිවරු යි ඉඩම් ඇමති ඔලිම්පික් ගියේ මොකට,0,206
400,1.42E+18,7/28/2021 9:14,Politics,බැසිල් ලංකා බේරගන්න විදිය සරල බයි එක ලංකා බයි එක පිටිපස්සෙ අල්ලන්නෙ හිටපු මුදල් ඇමති බයි ඉස්සරහින් අල්ලන්නෙ අලුත මුදල් ඇමති බැසිල්,0,1822
402,1.42E+18,7/28/2021 6:54,Other,ඔය දුප්පත් මිනිස්සුන් ඕව බැනලා වැඩක් ඔය මිනිස්සුන් ඕවා තේරුමකුත් මිනිස්සු අසරණයි ඔය මිනිස්සු කොහොම හිටපු ඇමති කෙනෙක් එක්ක හැප්පෙන්නෙ,29,2305
404,1.42E+18,7/28/2021 5:51,Politics,මැද පෙරදිග ආසියානු රටවල රාජ්ය තාන්ත්රික පිරිසක් මුදල් ඇමති හමුවෙයි,0,35
406,1.42E+18,7/28/2021 5:18,Politics,මැද පෙරදිග ආසියානු රටවල රාජ්ය තාන්ත්රික පිරිසක් මුදල් ඇමති හමුවෙයි විස්තර,0,662
408,1.42E+18,7/28/2021 4:34,Politics,මහකොමසාරිස්වරු තානාපතිවරු කිහිපදෙනෙක් මුදල් ඇමති හමුවෙයි,0,591
410,1.42E+18,7/28/2021 4:06,Politics,මැදපෙරදිග ආසියා රටවල රාජ්ය තාන්ත්රිකයින් රැසක් මුදල් ඇමති හමුවෙයි,0,2025
412,1.42E+18,7/28/2021 3:22,Politics,ගුරුවරු දෙලක්ෂ පනස්දාහකට ස්මාට්ෆෝන් අරන්දෙන්න පුළුවන්කම නෑනේ අධ්යාපන රාජ්ය ඇමති,47,48051
414,1.42E+18,7/28/2021 3:20,Politics,වයස අවුරුදු අඩු අය සේවයේ යෙදවීම සම්පුර්ණ තහනම් කරනවා කම්කරු ඇමති,0,2025
416,1.42E+18,7/28/2021 2:47,Other,මීට කලින් අම්පාරෙ ගොවියෙකු මැණික හම්බවුණා කිලෝ පනහක් විතර අද මනුස්සයා හිගා කනවා ඇමති,0,77
418,1.42E+18,7/28/2021 2:16,Politics,මුදල් ඇමති මැද පෙරදිග ආසියානු රටවල රාජ්යතාන්ත්රිකයින් හමුවෙයි මැද පෙරදිග ආසියානු රටවල රාජ්යතාන්ත්රිකයින් රැසක් මුදල් අමාත්ය බැසිල් රාජපක්ෂ මහතා හමුවී තිබේ විස්තර,6,110509
420,1.42E+18,7/28/2021 1:42,Other,මං හිතන්නෙ බඩුඩීන් කියන්නෙ හිටපු ඇමති කෙනෙක් පොලිසිය ගනන් ගන්නැති වෙයි නැත්තන් උගෙ පවුලෙ එවු කරදර කරයි කියලා වෙන්නැති අම්මා ඒක කියන්නැතුව ඉන්න ඇත්තෙ අනික ණයක් හිලව් කරන්නනෙ වැඩකාරකමට අරන් ගිහිං තියෙන්න ණය දුන්න එකාත් කරදර කරනවනෙ ඕවා කියන්න ගියොත්,2,1479
422,1.42E+18,7/28/2021 1:26,Other,ඇමති වරු හතරක් ජපාන සවාරි ගිය සල්ලි වලින් ලමයින්ට ජාතික කොඩිය මහපු ඇඳුමක දෙන්න බැරි,11,3245
424,1.42E+18,7/27/2021 21:51,Politics,ගම්පහ ශ්රීලනිප අවුල පාක්ෂිකයන් මතයක රාජ්ය ඇමති මතයක,0,704
428,1.42E+18,7/27/2021 20:34,Politics,අපේ ඉඩම් ඇමති රොෂා රණසිංහත් ඉන්න,3,2015
432,1.42E+18,7/27/2021 18:13,Politics,ජපානයෙන් ඇස්ට්රාසොනිකා එන දවස දෙවියෝ තමයි දන්නේ ඇමති ජයසුමන,1,289
434,1.42E+18,7/27/2021 15:33,Other,කම්කරුවන් ඇමති තොණ්ඩමන් අවමගුල කවි ලියපු උන් කාටවත් රටට වැඩක් කරපු මහරාජාගේ කොරෝනා මියගිය අවමගුල වගේ වගක් නැති කමට තමයි නිවහල් මධ්යස්ථ දේශප්රේමීත්වය සබෞද්ධ ජාතිකත්වය ජාත්යාලය කියන්නේ ලිංගෙම්බෝ,1,854
436,1.42E+18,7/27/2021 14:15,Other,බස්නාහිර කට එන්නත්කරණය අවසන්,11,120164
438,1.42E+18,7/27/2021 14:14,Politics,මැදපෙරදිග ආසියානු රටවල රාජ්ය තාන්ත්රික රැසක් මුදල් ඇමති හමුවෙයි,10,120164
440,1.42E+18,7/27/2021 13:48,Politics,මැදපෙරදිග ආසියානු රටවල රාජ්ය තාන්ත්රිකයෝ මුදල් ඇමති හමුවට,1,837
442,1.42E+18,7/27/2021 13:38,Other,ඇමති වගේ එකක් බෑද ගමේ කමට,1,3811
444,1.42E+18,7/27/2021 12:44,Other,ඉඩම් රාජ්ය ඇමති යන්ටම ඕනා මොකද ඔලිම්පික් තියෙන්නේ ලොකූම ලොකු ඉඩමක ඇත්තද සොත්ති උපාලිගේ පුතෙකුත් ගිහිල්ලා කියන්නේ ජයගම,2,370
446,1.42E+18,7/27/2021 12:14,Other,ඉඩම් රාජ්ය ඇමති යන්ටම ඕනා මොකද ඔලිම්පික් තියෙන්නේ ලොකූම ලොකු ඉඩමක ඇත්තද සොත්ති උපා,2,370
448,1.42E+18,7/27/2021 11:38,Politics,බැසිල් ඇමතිතුමා ලංකා ඇවිත මුදල් ඇමති කම බාරගත්ත විතරයි මැණික හම්බුවෙනවා,94,368
450,1.42E+18,7/27/2021 11:30,Politics,ඉඩම් රාජ්ය අමතා රොෂා රණසිංහ ඔලිම්පික් බලන්ට නාමල් බේබි ගියේ එහි ඉඩම් සම්බන්ද මොකක් හරි ක්රීඩාවක තියේ කෙහෙළියමෙහෙමයි ඔලිම්පික් ලෝකේ ලොකු දෙයක් නේ එක තියෙන්නේ ලොකූම ලොකු ඉඩමකඒක තමයි එක ඉඩම් රාජ්ය ඇමති තුමා වැදගත් ජයගම,1,370
452,1.42E+18,7/27/2021 9:22,Politics,ගුරු විදුහල්පති වැටුප් වැඩිකිරීම රජය කටයුතු සකස් කරනවා ඇමති රමේෂ්,0,2025
454,1.42E+18,7/27/2021 8:50,Politics,සහල කිලෝවක රු කින් අඩු කරන හැටි කෘෂිකර්ම ඇමති කියයි,1,1018
456,1.42E+18,7/27/2021 6:38,Politics,ඇමෙරිකා ඩොලර බිලියනයක විදේශ ණය ගෙවා දැම්ම ඇමති කෙහෙළිය,0,2025
458,1.42E+18,7/27/2021 6:20,Politics,අපි ඉල්ලනවා ගුරුවරු මේක ඇත හැරලා දරුවන්ට උගන්වන්න ඇමති රමේෂ් කැබිනට් මාධ්ය හමුවේදී ඉල්ලයි විස්තර දැන ගැනීමට පිවිසෙන්න,1,662
460,1.42E+18,7/27/2021 2:49,Other,මුළු රටම විවෘත කිරීම ජනපති ඇමති මණ්ඩල කියූ දේ,0,837
462,1.42E+18,7/27/2021 2:46,Other,මොන නැවටද සල්ලි පටවල යැව්වේ අහනවා අපේ වරාය නාවුක ඇමති,4,17
464,1.42E+18,7/26/2021 21:44,Other,බැදුම්කර ගෙවනව කියල රටෙ මුදල් රාජ්ය ඇමති කරනව කියන්නෙම ඕගොල්ලො වගේ කට්ටි ඒකට අප්,20,318
466,1.42E+18,7/26/2021 17:14,Other,කලින් මුදල් ඇමති කව්ද ළමායි,3,1006
468,1.42E+18,7/26/2021 15:59,Other,හිටපු ඇමති මංගල සමරවීර මහතාගේ ප්රධානත්වය සැබෑ දේශප්රේමියෝ සංවිධානය එලි දැක්වීමේදී අවස්ථාවේදී ඔහු විසන් ඉදිරිපත් කරන ලද කරුණු මෙසේය සැබෑ දේශප්රේමීන් පවත්වන මුල්ම මාධ්යය සාකච්ඡාවට කාර්යාලයට පැමිණි ඔබ සියලු දෙනාව අපි සාදරයෙන් පිළිගන්න,0,830
472,1.42E+18,7/26/2021 14:11,Politics,පාලන මිලට අඩුවෙන ගොවීන් වී අලෙවි කළ යුතු නැහැ කෘෂිකර්ම ඇමති,0,35
474,1.42E+18,7/26/2021 13:20,Crime,ඇමති රිෂාඩ් බිරිඳ සැකකරු සිව්දෙනා අගෝස්තු දක්ව,0,197
478,1.42E+18,7/26/2021 11:56,Other,විදියට ඇමති මණ්ඩල මන්ත්රී ඇමති වැටුප් වරප්රසාද රාජ්ය සේවය ආරක්ෂක වැය ශීර්ෂ අධ්යාපනය වෙන්කරන ගනන යනාදි සසඳන්න ඇමති තුමා,1,393
480,1.42E+18,7/26/2021 10:36,Politics,ජනපති පැවැත්වූ සාකච්ඡාව සාර්ථකයි ඇමති දයාසිරි ජයසේකර,0,591
482,1.42E+18,7/26/2021 9:05,Other,ඇමති හිතන් ඉන්නේ ඩොලර කියන්නේ හාල් වාගේ කියල වෙන්න ෂුවර් එකට ආචාර් බන්දුල ගුණවර්ධන ගෙන් ආර්ථික විද්යාව ටියුෂන් ගත්ත අයෙක,18,1491
484,1.42E+18,7/26/2021 8:45,Politics,ජනපති පැවැති සාකච්ඡාව සාර්ථකයි ඇමති නිමල් සිරිපාල ජනාධිපති ගෝඨාභය රාජපක්ෂ මහතා ශ්රී ලංකා නිදහස් පක්ෂ නියෝජිතයින් අද පෙරවරුවේ පැවැති සාකච්ඡාව සාර්ථක අමාත්ය නිමල් සිරිපාල සිල්වා මහතා පවසයි විස්තර,9,110509
486,1.42E+18,7/26/2021 8:38,Other,රට කඩාවැටී ආසන්නව තිබියදි ජාතික ඇදුම අදින ඇඟපුරාම දේශප්රේමය ගලායන ඇමති ගොබිලෙක් වු තමන් පදිංචි රජයේනිවස අළුත්වැඩියාවට රුපියල් ලක්ෂ අලිසබ්රි අධිකරණ ඇමති සොහොයුරා අයත් ආයතනයට ගෙවලා පසුගිය රජය සමයේ පාසල් දරුවන්ට ටැබ්දීමෙන් ඔවුන් වඳවෙනබව කීවේද මොහු,55,2015
488,1.42E+18,7/26/2021 7:51,Other,ගුරුවරුන්ට ඇමති බන්දුල පණිවිඩයක වැටුප් කල හැකි ක්රම කියයි,0,704
494,1.42E+18,7/26/2021 3:51,Other,ගුරු උද්ඝෝෂණ ඉක්මන් වැඩියි එන්නත ඇඟ ධාරණය වෙලා නැහැ ඖෂධ රාජ්ය ඇමති,0,704
500,1.42E+18,7/25/2021 21:29,Other,අපේ පොලිස් ඇමති පොලිස් මාධ්ය ප්රකාශක කොහෙද දන්නෙ නැහැ,1,368
502,1.42E+18,7/25/2021 17:27,Other,එක නේන්නම් ආරක්ෂක ලේකම් කවුද හේමසිරි පොලිස් ඇමති සාගලද අගමැටි රනිල්ද,1,370
504,1.42E+18,7/25/2021 13:33,Politics,සියලුදෙනා එන්නත දුන් පසු රට විවෘත කරන වෙළෙඳ ඇමති පවසයි,0,1018
506,1.42E+18,7/25/2021 12:18,Politics,සියලුදෙනා එන්නත දුන් පසු රට විවෘත කරන වෙළෙඳ ඇමති පවසයි එළඹෙන සැප්තැම්බර් මාසය වනවිට මෙරට අවුරුදු සියලු දෙනා එන්නත ලබාදී අවසන් කරන වෙළෙඳ අමාත්ය බන්දුල විස්තර,15,110509
508,1.42E+18,7/25/2021 8:09,Politics,හාල් පොල් අඩු කරනවා වගේ ඉන්ධන මිල අඩු කරන්න බෑ මුදල් ඇමති,0,1631
512,1.42E+18,7/25/2021 7:27,Politics,ගුරු වර්ජන විසඳන්න ඇමති ජීඑල්ගෙන් සඳුදා කැබිනට් පත්රිකාවක්,0,383
514,1.42E+18,7/25/2021 7:18,Other,ගිය අයට හරි හමන ඇදුමක්වත් මහලා දීග බැරි හිඟන ඇමති,0,6
516,1.42E+18,7/25/2021 6:05,Crime,විල්පත්තු ජෙනරාල් ස්ත්රී දූෂණ චෝදනා ඔහුට විරුද්ධව දෝශාභියෝගයක් ගෙන ඒම අවශ්ය යැයි අපි සිතමු පාර්ලිමේන්තුවේ ස්ත්රී දූෂකයෙකුට එරෙහි නොවූවා යැයි මහත්වූ අපවාද අනිවාර්යයෙන් පැමිනේවි කෝ නීතිපතිවරයා කෝ අධිකරණ ඇමති,10,3299
522,1.42E+18,7/25/2021 3:45,Other,දේශීය වෛද්ය අමාත්යංශයේ ඇමති දම්මික පැනි මාමා,0,3245
526,1.42E+18,7/25/2021 1:15,Politics,ඇස්ට්රාසෙනෙකා එන්නතේ දෙවන මාත්රාව මස අගදී ජනතාවට ලබා දෙනවා ඇමති සුදර්ශනී ප්රනාන්දුපුල්ලේ,0,12
528,1.42E+18,7/25/2021 0:52,Other,ඇමති විදුරගේ ආන්දෝලනාත්මක හෙලිදරව් පුරා වස්තු රැක ගන්න අපි හය,0,2
530,1.42E+18,7/24/2021 21:06,Politics,අපි කැමති අපේ බදු මුදලින් මෙපමණ විශාල හමුදාව නඩත්තු කරන්න පෙරටුගාමී දුමින්ද නාගමුව දැන්නම් ගුරු වැටුප් සටන ප්රබාකරන්ගෙ ඊ ලෑමේ වෙන්ඩ අධ්යාපන ඇමති ස්ටාලින් ගෙ අවශ්යතාවය ක්රියාත්මක පේනවා,23,4897
532,1.42E+18,8/1/2021 17:42,Crime,සමගි ජන බලවේග පාර්ලිමේන්තු මන්ත්රී රිෂාඩ් බදුර්දීන් මහතාගේ නිවසේ මෙහෙකාර දැරියක ගිනි ගැනීමකින් මිය යාම සම්බන්ධ සමස්ත ලංකා මහජන කොංග්රසය හිටපු බස්නාහිර පළාත් සභා මන්ත්රී ඒජේඑම් ෆායිස් මහතා කරුණු පැහැදිලි කරයි,0,105
536,1.42E+18,8/1/2021 8:14,Other,පාර්ලිමේන්තු මන්ත්රී සෙල්ලන්ද,1,9873
538,1.42E+18,7/30/2021 17:51,Other,රනිල් පින පෑදෙයි පරණ මන්ත්රී ගෝලයෙක් මැණික පොකුරක් මතුවෙයි,0,704
540,1.42E+18,7/30/2021 16:26,Politics,කරාපිටිය රෝහලේ ප්රතිකාර ලබන හිටපු පාර්ලිමේන්තු මන්ත්රී රංජන රාමනායක මහතාගේ සුවදුක් බැලිම සදහා විපක්ෂ නායක සජිත ප්රේමදාස මහතා පාර්ලිමේන්තු මන්ත්රී මනුෂ නානායක්කාර මහතා අද රාත්රියේ කරාපිටිය රෝහලට පැමිණියේය,2,2296
544,1.42E+18,7/30/2021 14:33,Other,ජනාධිපතිතුමා කියනවා සිංගප්පූරු ලී ක්වාන් යූ වගේ රට හදන්න ඕනි කියලා හැබැයි සිංගප්පූරුවේ භාෂා හතරක් තියෙනවා හතරට සම තැන තියෙනවා යනු පාර්ලිමේන්තු මන්ත්රී ශානක්කියන් රාසමානික්කම් වැඩිදුර පැවසීය,98,7960
546,1.42E+18,7/30/2021 12:51,Other,වැරදි වීම සිරිමා හොඳ වීමට හේතුවක් නොවේ අදත් වෙන්නේ එදා ක්රමයේම අලුත එකක් අද මි,1,317
548,1.42E+18,7/30/2021 11:46,Other,මහරගම නගරසභා අසික්කිත නාගරික මන්ත්රී අමරපාල,0,0
550,1.42E+18,7/30/2021 9:10,Crime,හිටපු අමාත්ය පාර්ලිමේන්තු මන්ත්රී රිෂාඩ් බදියුදීන් මහතාගේ නිවසේ මීට පෙර මෙහෙකාර සේවයේ යෙදී සිටි කාන්තාවන් දෙනෙකු අතුරින් දෙන ප්රකාශ ලබාගෙන පොලීසිය පවසයි වර්ෂයේ කාලය කාන්තාවන් දෙන නිවසේ සේවයේ නිරතව ඇත,1,6740
552,1.42E+18,7/30/2021 6:08,Crime,පාර්ලිමේන්තු මන්ත්රී රිෂාඩ් බදියුදීන්ගේ නිවසේ පිළිස්සී මියගිය ඉෂාලිනී දැරියගේ සිරුර මීට ටික වේලාවක පෙර ගොඩ ගෙන තිබෙනව දෙවන පශ්චා මරණ පරීක්ෂණය එය පේරාදෙණි ශික්ෂණ රෝහල රැගෙන යාමට නියමිතයි,0,105
554,1.42E+18,7/29/2021 20:36,Other,චීන එනකන් තොපිල පොල් ගෑවද අැරපු රටට මන්ත්රී අපෙ ග්රන්තී කන්න දුන්නත් තොපිල අපි අදින්නෙම අංචී මඩිය තර තොපිලට අැති හිකුනට අපි පුංචී උඹලට අැරල අපිත් දවසක කනව හුත්තො මංචී,1,7
556,1.42E+18,7/29/2021 14:48,Entertainment,අසෝක ඩයස් සමගි ජන බලවේග පාර්ලිමේන්තු මන්ත්රී ඉම්තියාස් බාකීර් මාකර් මහතා පැවැත්වූ පැතිකඩ සංවාදය,0,157
558,1.42E+18,7/29/2021 7:15,Other,ඵකතුවෙලා හදපු යහපාලන ආන්ඩුවෙ න් නොතෙමි යන්න කාර් දුන්නෙ නැමාස කට පත්කල මන්ත්,0,164
560,1.42E+18,7/28/2021 11:29,Politics,මයන්ත දිසානායක පාර්ලිමේන්තු මන්ත්රී සමගි තරුණ බලවේග,14,1940
562,1.42E+18,7/28/2021 10:54,Other,ඇත්ත අර කොටුවෙ හිමි නම බඩු ගහද්දී නායක හාමුදුරු ඔප්පු කලා වගේ නේද හිටපු පාමන්ත්රී මි,0,10
564,1.42E+18,7/28/2021 6:15,Crime,සජිත පිළේ මන්ත්රී හරී යට,0,2025
566,1.42E+18,7/28/2021 5:35,Crime,හරී යට කැඳවයි සමගි ජන බලවේග පාර්ලිමේන්තු මන්ත්රී හරී ප්රනාන්ද මහතා අපරාධ පරීක්ෂණ දෙපාර්තමේන්තුව පැමිණ තිබේ විස්තර,7,110509
568,1.42E+18,7/28/2021 2:05,Entertainment,අසෝක ඩයස් සමගි ජන බලවේග පාර්ලිමේන්තු මන්ත්රී ආචාර් හර්ෂ සිල්වා මහතා පැවැත්වූ පැතිකඩ සංවාදය,1,157
570,1.42E+18,7/27/2021 12:52,Crime,බදියුදීන්ගේ නිවසේ මෙහෙකාර සේවයේ යෙදී සිටි කාන්තාවන් කිහිපදෙනෙක් ප්රකාශ දෙයි පාර්ලිමේන්තු මන්ත්රී රිෂාඩ් බදියුදීන් මහතාගේ නිවසේ මෙහෙකාර සේවයේ යෙදී සිටි කියන බාලවයස්කරුවන්ගේ පවුල් ඥාතීන් විස්තර,7,110509
572,1.42E+18,7/27/2021 9:16,Entertainment,ජනමාධ්ය අමාත්යාංශ සංවිධානය කරන අනාගත ශ්රී ලංකාවේ සංවර්ධන න් කෙනෙක් මීලග වැඩසටහන ජුලි වනදා සවස මාතලේ දිස්ත්රික් පාර්ලිමේන්තු මන්ත්රී ප්රමිත බණ්ඩාර තෙන්නකෝන් මැතිතුමා සමගි සජීවීව,11,22866
574,1.42E+18,7/27/2021 7:15,Crime,මියගිය ඉශාලිනිගේ සිරුර ගොඩගන්න අධිකරණයෙන් නියෝගය මන්ත්රී,0,12
576,1.42E+18,7/27/2021 4:24,Other,මගේ මන්ත්රී ධුරය තියෙනකන් ගෙදර රන්ජන් විස්තර පිවිසෙන්න,0,662
578,1.42E+18,7/27/2021 3:51,Politics,විල්පත්තු තීන්දුව රිෂාඩ් ඉවත් කරන්න තරම් ප්රමාණවත් නැහැ සජිත පිලේ මන්ත්රී,0,704
584,1.42E+18,7/27/2021 2:03,Crime,මන්ත්රී නිවසේ දැරියක දූෂණ කොට මරා දැමීම රටට ලැජ්ජා අපරාධකරු ගල් ගසා මරා දැමිය යුතුයි,0,1258
586,1.42E+18,7/27/2021 0:19,Crime,ලංකා උසාවි මැරැන දරවටත් අනෙක දරැවන් දෙනාටත් සාධරණයක් වෙයි කියලා හිතන් අමාරැයි පාර්ලිමේන්තු මන්ත්රී කෙනෙක් ක්රියාව ජාත්යන්තර ලමා අධිකරණයක ගෙන යා යූතුයි මුං සල්ලි විසිකර යටගහයි,0,32
588,1.42E+18,7/26/2021 16:09,Crime,මියගිය ඉශාලිනිගේ සිරුර ගොඩගන්න අධිකරණයෙන් නියෝගය මන්ත්රී රිෂාඩ් බිරිඳ පිරිසට රිමාන්ඩ්,2,1631
590,1.42E+18,7/26/2021 15:13,Other,ලංකා උසාවි දරැවන් දෙනා සාධරණයක් වෙයි කියලා හිතන් අමාරැයි පාර්ලිමේන්තු මන්ත්රී කෙනෙක් ක්රියාව ජාත්යන්තර ලමා අධිකරණයක ගෙන යා යූතුයි,0,32
592,1.42E+18,7/26/2021 15:03,Politics,සිරදඬුවම් නියම සිටින හිටපු පාර්ලිමේන්තු මන්ත්රී රන්ජන් රාමනායක මහතා මාදිවෙල මන්ත්රී නිල නිවාස සංකීර්ණයේ නිල නිවෙස පාර්ලිමේන්තු මන්ත්රී සේවා අංශයේ නිලධාරීන්ට බාර දුන්නේය රාමනායක මහතා නිල නිවෙස පාර්ලිමේන්තු මන්ත්රී මනුෂ නානායක්කාර මහතා මාර්ගයෙන්,0,105
594,1.42E+18,7/26/2021 12:53,Other,පක්ෂ සාමාජිකයින් මන්ත්රී සාගරගෙන් ප්රකාශයක්,1,837
596,1.42E+18,7/26/2021 11:35,Crime,හැවිරිදි දැරියක මරණය සම්බන්ධ අත් අඩංගුව ගෙන අධිකරණයට ඉදිරිපත් කල පාර්ලිමේන්තු මන්ත්රී රිෂාඩ් බදියුදීන් මහතාගේ බිරිඳ මාමණ්ඩි බෑනා තැරව්කාර පුද්ගලයා ලබන දා රිමාන්ඩ් බන්ධනාගාරගත කරන කොළඹ මහේස්ත්රාත් අධිකරණය නියෝග කර ඇත,1,2296
598,1.42E+18,7/26/2021 10:37,Other,රන්ජන් හිටපු මන්ත්රී නිවස යළි රන්ජන්,0,591
600,1.42E+18,7/26/2021 10:15,Other,නිවස අහිමි වූ රන්ජන් මන්ත්රී මනුෂ ගෙන් නිවසක්,0,12
602,1.42E+18,7/26/2021 9:12,Crime,පෙරේද රාත්රී කටුගස්තොට ප්රදේශයේදී අනතුරක් කිරීම පොලිස් අත්අඩංගුව පත් රංගන ශිල්පිණී හිටපු පාර්ලිමේන්තු මන්ත්රී උපේක්ෂා ස්වර්ණමාලී අද දිනයේ උසාවි ඉදිරිපත් කිරීමට සූදානමි සිටිය දේශපාලන ඇමතුමක් ලැබීමෙන් පසු පොලිස් ඇප මුදාහ,6,6740
604,1.42E+18,7/26/2021 8:47,Other,නිවස අහිමි වූ රන්ජන් මන්ත්රී මනූෂගෙන් නිවසක්,0,837
606,1.42E+18,7/26/2021 5:44,Crime,හිටපු පාර්ලිමේන්තු මන්ත්රී උපේක්ෂා ස්වර්ණමාලි අත්අඩංගුව,0,49
608,1.42E+18,7/26/2021 3:51,Other,රිෂාඩ් තියාගෙන ඉන්නේ රෙදි ඇඳගෙනද ආණ්ඩුවේ මන්ත්රී සජිත්ගෙන් අහයි,0,704
610,1.42E+18,7/26/2021 3:28,Crime,පාර්ලිමේන්තු මන්ත්රී රිෂාඩ් බදියුදීන්ගේ නිවසේ මෙහෙකාර දැරියක පිලිස්සී මියයාමේ සිද්ධිය සම්බන්ධ පොලිස් රැඳවුම බාරයේ පසුවන බදියුදීන්ගේ බිරිඳ බිරිඳ පියා සහෝදරයා තැරව්කරු අද යළි අධිකරණයට ඉදිරිපත් කිරීමට නියමිත පොලිස් මාධ්ය ප්රකාශක,0,105
614,1.42E+18,7/26/2021 2:10,Crime,බදියුදීන්ගේ බිරිඳ සැකකරු අද අධිකරණයට පාර්ලිමේන්තු මන්ත්රී රිෂාඩ් බදියුදීන්ගේ නිවසේ රැඳී සිටි හැවිරිදි දැරිය පිළිස්සී මියයෑම සම්බන්ධ අත්අඩංගුව ගත් මන්ත්රීවරය බිරිඳ විස්තර,15,110509
618,1.42E+18,7/25/2021 13:33,Crime,බදියුදීන්ගේ නිවසේදී දැරියක මියයෑමේ සිද්ධියේ විමර්ශන පොලීසියෙන් නිවේදනයක් පාර්ලිමේන්තු මන්ත්රී රිෂාඩ් බදියුදීන් මහතාගේ නිවසේ පිළිස්සීම් තුවාල ලබා පසුගිය දා මියගිය දැරියගේ සිද්ධියට අදාළ විස්තර,7,110509
620,1.42E+18,7/25/2021 1:15,Crime,අත්අඩංගුව ගනු ලැබූ මන්ත්රී රිෂාඩ් බිරිඳ පිරිස අද අධිකරණය හමුවට,0,12
622,1.42E+18,7/24/2021 19:43,Other,ස එවල වැඩ නැති උනහම වැඩ කරන්න බැරි පාර්ලිමේන්තු මන්ත්රී සෙට්ටෙක නැති නිසානෙ කියල උන්ටත් ඡන්දෙ දුන්නනෙ,1,74
624,1.42E+18,8/1/2021 9:20,Politics,කෙටි කාලයක් අසාර්ථක වූ පාලකයා ගෝඨාභය පාලන බලය ලබා ගෙන රට ගොඩනඟන්න අපි සූදානම් අනුර,0,1258
626,1.42E+18,7/30/2021 14:22,Other,වහනවා කියල ඔහොම වහල හරියන්නේ නැහැ විශේෂයෙන් පාලකයා සුර සැප විදි ගමන් ජනතාව එවැනි තත්,1,317
628,1.42E+18,7/30/2021 12:54,Other,නූගත් බහුතර පේනවනේ මේකෙත් ඉන්න සෙට් එක පාලකයා උන්ව චුන් කරනවා බුද්ධිමත් ජනතාව කියල උනුත්,3,317
630,1.42E+18,7/29/2021 0:59,Other,පාලකයා රාජපක්ෂලා වික්රමසිංහලා ප්රේමදාසලා වුනා කියලා රටක් හදන්න බැහැ නේද දිය,1,1085
632,1.42E+18,7/25/2021 4:51,Other,අධ්යපන සිලබස් එකට සීම නොකර සමාජ දේශපාලනයේ අපි වැරදුනු තැන් පාලකයා හිතාමතා වරද්දපු තැන් බල තණ්හාව උන් ගත්ත බිලි රටක් ඇතුලේ අපි අපි බෙදුනු හැටි උගන්නපන් තිත්ත ඇත්ත ආදරයෙන් උගන්නපන් සිප්කිරිපෙවූ අරගලයටජයවේවා,14,1874
634,1.42E+18,8/1/2021 19:19,Politics,සාකච්ඡා පැවැත්වෙමින් තිබූ අවස්ථාවේ ගෝඨාභය රාජපක්ෂට සමීප මේජර් ජෙනරාල්වරයෙකුගේ නායකත්වයෙන් යුතු හමුද ඛණ්ඩ තුනක් රොක් හවුස් හමුද කඳවුර මරදාන ට්රිපොලි කඳවුර කටුනායක ගුවන තොටුපලට ආසන්න ස්ථානයක රඳවා තිබුණි කොළඹ නගරයේ මාර්ග බාධක දමා තිබිණ බලය අල්ලා ගැනීමේ තීරණය,0,673
636,1.42E+18,8/1/2021 14:03,Politics,එතකොට ගෝඨාභය ආණ්ඩුවට මිෂනාරී බෝන් එගෙන් ජෙෙන තීර්ථක කිරිබත් අසුපු පනතෙන් සේරම තහනම් කරලා අහක් කරන්න වෙයි නේ,2,3004
638,1.42E+18,8/1/2021 13:56,Politics,ගුරැවරැන්ට ගහන්න එපා ගෝඨාභය රාජපක්ෂ පොලීසියට නියෝග කරන ලදි,1,47598
644,1.42E+18,7/31/2021 12:05,Politics,ජනාධිපති ගෝඨාභය රාජපක්ෂ මහතාගේ කැපවිම ඇස්ට්රාසෙනෙකා එන්නත ගැටළුව නිමාව වගයි,0,2
650,1.42E+18,7/30/2021 13:47,Politics,එන්නත නොගත් පිරිස හඳුනාගැනීම සංගණන දිවයිනේ සියලු ප්රදේශව එන්නත නොගත් පිරිස සංගණන සිදුකරන ජනාධිපති ගෝඨාභය රාජපක්ෂ මහතා නිලධාරීන්ට උපදෙස තිබේ විස්තර,12,110509
654,1.42E+18,7/30/2021 8:02,Politics,ජනාධිපති ගෝඨාභය රාජපක්ෂ මහතාගේ ප්රධානත්වය මීමුරේ පැවති ගම පිළිසදර වැඩ සටහනේ ප්රගතිය සමාලෝචන කෙරේ,0,10
656,1.42E+18,7/29/2021 12:50,Politics,අද විරෝධතාවයෙන් පසුව ගෝඨාභය නාවික කඳවුර පෞද්ගලික ඉඩම් අත්පත් කර ගැනීම ඉඩම් මැනීම කටයුතු අද තාවකාලික නවතා දමා ඇත ඉඩම් හිමියන් නාවික හමුදාව දිස්ත්රික් බලධාරී කඩිනමි සාකච්ඡාවක් පැවැත්වෙන ක්රියාමාර්ග එහිදී තීරණය කෙරේ,0,408
658,1.42E+18,7/29/2021 9:08,Other,අපේ ඉඩම් අපේ ජිව්තයයි ජනාධිපතිතුමනි අපි උත්තරය දෙන්න ගෝඨාභය නාවික කඳවුරඉදිරිපිට ඉඩම් අත්පත් කර ගැනීමට එරෙහි පැවිති මහජන විරෝධතාවයට පොලිසිය බාධා පමුණුවා තිබු නාවික නිලධාරින් සිවිල් වැසිය ඡායාරූපගත කොට තිබිණි,7,2736
660,1.42E+18,7/29/2021 8:08,Politics,මුලතිව්හී වට්ටුවාක්කල් ගෝඨාභය නාවික කඳවුර ව්සින් ඉඩම් අත්පත් කර ගැනීමට එරෙහි මොහොතේදී මහජනතාව ව්සින් නාවික කදවුර ඉදිරිපිට විරෝධය පළකිරිමට පැමිණි ජනයා නාවිකා හමුද නිලධාරීන ඡායාරූප ගත කරමින්,1,408
662,1.42E+18,7/29/2021 7:44,Crime,මුලතිව්හී වට්ටුවාක්කල් ගෝඨාභය නාවික කඳවුර ව්සින් ඉඩම් අත්පත් කර ගැනීමට එරෙහි මොහොතේදී මහජනතාව ව්සින් නාවික කදවුර ඉදිරිපිට පවත්වන විරෝධතාවයට පොලිසියෙන් බාධා එල්ල කිරිම හේතුවෙ උණුසුම තත්වයක් වීඩියෝ දර්ශන,1,408
664,1.42E+18,7/29/2021 6:16,Crime,හී ගෝඨාභය නාවික කඳවුර ව්සින් ඉඩම් අත්පත් කර ගැනීමට එරෙහි මොහොතේදී මහජනතාව ව්සින් නාවික කදවුර ඉදිරිපිට විරෝධය පළ කරමින් ඡායාරූප උපුටා ගැනීම ගෙනි,8,408
666,1.42E+18,7/29/2021 5:22,Crime,මුලතිව් වට්ටුවාකල් ගෝඨාභය නාවික හමුද කඳවුර බලහත්කාරය ඉඩම් මැනීම කටයුතු සදහා මිනින්දෝරු නිලධාරීන පැමිණිම ඉඩම් හිමියන් දේශපාලනඥ විරෝධතා දක්වමින් සිටි,0,583
670,1.42E+18,7/28/2021 16:55,Other,ගෝඨාභය අත නාරී මියගිය කිලීගෙනුත් පළිගනී,0,1033
672,1.42E+18,7/28/2021 10:41,Politics,මෙරට නාගරික සංවර්ධනයේ විශාල පුනරුදයක් ඇතිකළ ආසියාවේ වේගයෙන් දියුණුවන නගරය කොළඹ නගරය පත් කළ හිටපු ආරක්ෂක ලේකම් ගෝඨාභය රාජපක්ෂ මැතිතුමා අද ජනාධිපති එදා ජනාධිපතිවරයා එතුම මගපෙන්වූ මහින්ද රාජපක්ෂ මැතිතුමා අද අග්රාමාත්යවරයා,0,105
674,1.42E+18,7/28/2021 2:16,Other,ස්ටාලින් බම්බූ ගහගන්න කියලා නැති කරන කැම්පස් ළමයි ටික රජයේ අනුග්රහය ඇතිව කරන්න දුන්නානම් ඉවරයි ගෝඨාභය,1,200
676,1.42E+18,7/27/2021 9:31,Politics,කාබනික වගාව ජනපති තැබූ බලාපොරොත්තු ආහාර සුරක්ෂිතතා පෝෂණ සහතික කිරීම කාබනික කෘෂිකර්මාන්ත වූ මෙරට ප්රවේශය රටවල් පෙළඹෙනු තමා අපේක්ෂා කරන ජනාධිපති ගෝඨාභය රාජපක්ෂ මහතා පවසිය විස්තර,23,110509
678,1.42E+18,7/27/2021 6:28,Politics,ඒකාධිපතී ගෝඨාභය සත්ගුණවත් යහපාලන ඛනිජ තෙල් නීතිගත සංස්ථාවේ සේවකයො කරපු වර්ජනයට යහපාලන මැරයො පොලු මුගුරු වලින් පන්න පන්න පහර දීපු හැටි මර්දනය මර්ධන යහපාලනමැරයො,1,2808
680,1.42E+18,7/27/2021 5:21,Politics,සැප්තැම්බර් මාසයෙන් පසු රට වසා දැමීමට කටයුතු නොකරන ජනාධිපති ගෝඨාභය රාජපක්ෂ අමාත්ය මණ්ඩල ඊයේ වැනිදා දැනුම ඇත ජනාධිපතිවරයාගේ ප්රධානත්වය පැවැති ඇමැති මණ්ඩල රැස්වීමේදී ඔහු කියා සිටියේජූලි අගෝස්තු මාස අවසන් කොවිඩ් එන්නත,0,105
682,1.42E+18,7/27/2021 5:15,Politics,ජනාධිපති ගෝඨාභය රාජපක්ෂට ජාතිය ඇමතීම නවීන තාක්ෂණ සමන්විත ජනාධිපති මාධ්ය මධ්යස්ථානයක් නිර්මාණය කර තිබෙන ජනාධිපති මාධ්ය ප්රකාශක කිංස්ලි රත්නා පවසනව මෙය ලබන වනදා විවෘත කිරීමට නියමිත බව වාර්තා වන්නේ,4,105
684,1.42E+18,7/26/2021 7:15,Politics,ජනපති නිදහස් පක්ෂ නියෝජිතයින් සාකච්ඡාව ඇරඹේ ජනාධිපති ගෝඨාභය රාජපක්ෂ මහතා ශ්රී ලංකා නිදහස් පක්ෂය සාකච්ඡාවක් වනවිට ජනාධිපති ලේකම් කාර්යාලයේදී පැවැත්වේ විස්තර,6,110509
686,1.42E+18,7/26/2021 3:07,Politics,ජනාධිපති ගෝඨාභය රාජපක්ෂ මහතා ශ්රී ලංකා නිදහස් පක්ෂයේ නියෝජිතයින් සාකච්ඡාවක් හෙට දිනයේ පැවැත්වී නියමිතව තිබේ ශ්රී ලංකා නිදහස් පක්ෂයේ ජාතික සංවිධායක දුමින්ද දිසානායක මහතා සඳහන් කළේ හෙට පෙරවරු අදාළ සාකච්ඡාව පැවැත්වෙන බවය,0,105
688,1.42E+18,7/25/2021 15:41,Politics,පුංචි ඡන්දයේදී ශ්රීලනිපය වෙනසක ගෝඨාභය මෛත්රී හෙට හමුවෙයි,1,14873
692,1.42E+18,7/25/2021 15:16,Other,කොහාටදැයි නොදැන ගමන් කළේය ඔහු ගියේ කොහාටදැයි අවසානය දැන සිටියේද නැත ඔහු ගමන ගියේ අනුන් ඉල්ලාගත් මුදලිනි ඔහු ගොසින් තිබුණේද යනවා යයි කී තැනට නොවේ ගෝඨාභය රාජපක්ෂගේත් ක්රිස්ටෝපර් කොළොම්බස්ගේත් ගමන එකම නොවේද,8,2290
694,1.42E+18,7/25/2021 15:16,Politics,ගෝඨාභය රාජපක්ෂගේ වර්තමාන භූමිකාවත් හරිය ක්රිස්ටෝපර් කොළොම්බස්ගේ ගමන වගේමයි වෙනසක ඒකට හේතුව ලොව බිහිවූ ප්රථම දේශපාලනඥයා ක්රිස්ටෝපර් කොළොම්බස් යයි එවරට් බී ඩික්සන් නැමති ලේඛක පවසා ඇත ඔහු සිය ප්රකාශය පැහැදිලි කර ඇත්තේ මෙසේය ක්රිස්ටෝපර් කොළොම්බස් තමන් යන්නේ,13,2290
696,1.42E+18,7/25/2021 14:10,Politics,ජනපති නිදහස් පක්ෂය සාකච්ඡාවක් ජනාධිපති ගෝඨාභය රාජපක්ෂ මහතා ශ්රී ලංකා නිදහස් පක්ෂයේ නියෝජිතයින් සාකච්ඡාවක් හෙට දිනයේ පැවැත්වී නියමිතව තිබේ විස්තර,6,110509
698,1.42E+18,7/25/2021 6:59,Other,පැතුම් කර්නල් අපි අමුතු උගන්වන්න එන්න එපා ඔය හැම විකල්ප ගැනම අපි සහසුද්දෙන්ම,1,125
700,1.42E+18,7/25/2021 5:09,Politics,කොහොම ගෝඨාභගෙන් පස්සෙ රාජපක්ෂ පවුලෙ කිසිම කෙනෙක් බලය එන එකක් සෑහෙන කාලෙක ගෝඨාභය,0,2305
702,1.42E+18,7/24/2021 23:48,Crime,පාස්කු අපරාධය අතුරුදහන් පුරුක සොනික් සොනික් කව්දැයි හෙළිවේ රවිරාජ් ඝාතන සැඟවී පාස්කු බෝම්බ ගෝඨාභය සිරිසේන නිලන්ත සුනන්ද දේශප්රිය හෙළිකරයි,1,1829
706,1.42E+18,7/24/2021 19:39,Politics,කට කැඩෙනකල් කිව්වා අනුර කුමාර දිසානායක වගේ පඹයෙක්ට රට රකින විරුවා කියලා සිංදු හදල ෆෝම් කරලා ජනාධිපති කරන්න එපා කියලා කෝ ඇහුවද නෑනෙ නෑනෙ අපරාදෙ අර යක්ඛ පියා නූතන දුටුගැමුණු ගෝඨාභය රාජපක්ෂ අද ජනාධිපති වෙලා හිටියනම් ඔය දේවල දකින්න වෙන්නෙ රිෂාඩ් බෙල්ලෙන් අල්ලන යන්නෙ එහෙනම්,4,125
708,1.42E+18,7/24/2021 19:39,Politics,කට කැඩෙනකල් කිව්වා අනුර කුමාර දිසානායක වගේ පඹයෙක්ට රට රකින විරුවා කියලා සිංදු හදල ෆෝම් කර,1,125
710,1.42E+18,8/1/2021 19:19,Politics,වසර ජනවාරි අට දා රාත්රියේ අරලිය ගහ මන්දිරයේ හමුද කුමන්ත්රණයක් සිදුවෙමින් තිබිණ නිකුත් වෙමින් තිබූ ජනාධිපතිවරණ ප්රතිඵල අත්හිටුවා මහින්ද රාජපක්ෂ තවදුරටත් ජනාධිපතිධූරය රඳවා ගැනීම එහි ඉලක්කය විය එහි විශේෂත්වය වන්නේ ක්රමන්ත්රණයට රාජපක්ෂ පවුල මූලිකවීමය,0,673
714,1.42E+18,8/1/2021 7:40,Other,බබෙක් හම්බවුනත් ඒක පෙන්නනවා කඩේ ගිය ඒකත් දානවා ගහනව දානවා චන්දේ දාන් යනකොට ඒවා පෙන්නනවා හැමදේම සමාජයට පෙන්න රාජපක්ෂ පවුල ගහනව කොහේවත් මාධ්යයක පෙන්නුවේ නැත්තේ,4,368
716,1.42E+18,8/1/2021 7:30,Sport,අංගම් පොර සටන් කලාව නීත්යානුකූ කරනවා අමාත්ය නාමල් රාජපක්ෂ,0,23
718,1.42E+18,8/1/2021 2:20,Other,රාජපක්ෂ රජය හෙට රාජ්ය සේවකයන්ට වැඩට වාර්තා කළ යුතු තීරණය සති දෙකකි කොරෝනා රැල්ල ඇතිව සටහන් කරමි සාඩින් පැක්කර කෝච්චි ප්රවාහන සේවා රාජ්ය සේවකයන් රැකියා සදහා පැමිණෙන අහසින් ගමට ජනපතිට නොතේරේද,9,680
720,1.42E+18,7/31/2021 18:10,Other,මිනිහ මිනිස්සුට උදව් කරනවා පෙන්වනවා ඒත් හැම එකකම නිකං අර නාමල් රාජපක්ෂ මිනිස්සුන් උදව,6,10159
724,1.42E+18,7/31/2021 13:30,Politics,සංචාරක කර්මාන්තයට පහසුකම් දෙන්න රජය සූදානම් මුදල් අමාත්ය බැසිල් රාජපක්ෂ,0,23
726,1.42E+18,7/31/2021 12:33,Entertainment,දවසක ඒවී පියත් රාජපක්ෂ දෙන්නකෝ රේඩියෝශෝවිත්සැන්ඩි,25,7253
730,1.42E+18,7/31/2021 4:48,Other,දෙමාපිය දරුවන්ට දාද්දී කැමති වාසගමකුත් දැමීම සිරිත රටේ කී දෙනෙක් දරුවන් රාජපක්ෂ කරයී,4,1438
732,1.42E+18,7/31/2021 2:49,Other,මාධ්යකරුවාගේ ප්රශ්නය වුණේ සිංහල ජාතිකත්වය තදින් පෙනී සිටින ඔහු කෙනෙකු බැසිල් රාජපක්ෂ ද්විත්ව පුරවැසියෙකු එනම ඇමරිකා පුරවැසියෙකු පාර්ලිමේන්තුවට පැමිණීමට සූදානම් වීම දකින්නේ කෙසේ යන්නයි පිළිතුර දෙන වෙලාවේ ගෙවිඳු කුමාරතුංගගේ මුහුණ රතු වුණේ නැත,4,6721
734,1.42E+18,7/30/2021 9:36,Other,මහින්ද රාජපක්ෂ යුද්ද දිනලා එක්රැස් කරගත් සියලු පිං නැති කරගත්ත මිනිමරැවො දුෂිතයො වංචාකාරයො කප්පම කාරයො නිදහස් කරලා,23,1236
736,1.42E+18,7/30/2021 8:05,Politics,ජාතික රෝහලේ නවමෞත්ර ලිංගික ශල්යවෛද්ය වකුගඩුරෝග විද්යාතනය අග්රාමාත්යතුමාගේ සුරතින් විවෘත වෙයි ශ්රීලංකා ජාතික රෝහල් පරිශ්රයේ ඉදි කරනලද මෞත්රලිංගික ශල්යවෛද්ය වකුගඩුරෝග විද්යාතන ගොඩනැගිල් අග්රාමාත් මහින්ද රාජපක්ෂ මහතාගේ සුරතින් ඊයේ පෙරවරුවේදී විවෘත විය,2,22240
740,1.42E+18,7/30/2021 5:29,Politics,අග්රාමාත් මහින්ද රාජපක්ෂ මැතිතුමා අභිනව පත් වූ නේපාල අග්රාමාත් ෂර් බහදූර් ඩියුබා මැතිතුමාට සුබ පතයි,0,2269
744,1.42E+18,7/30/2021 2:50,Other,රාජපක්ෂ සොහොන අයිතිකාරයො නැති මල්වානෙ මාළිගාව ආසියාවෙ දෙවැනි තුංවැනි බිලියනපතියො,0,202
746,1.42E+18,7/29/2021 16:59,Politics,මහින්ද රාජපක්ෂ,1,1844
748,1.42E+18,7/29/2021 11:47,Other,මම කාරයෙක් නෙවෙයි මගේ එවු ජනතාව මං උං පෙනී ඉන්නවානමුත් ඔබතුමාට රාජපක්ෂ,0,10
750,1.42E+18,7/29/2021 11:33,Other,උබල රාජපක්ෂ නම ඇහුනත් මුත්රා නිස කාලෙ මැච් දුන්නෑ නේ ගොඩක් උන් ඕවා මතක ඒක මොන ව,0,253
752,1.42E+18,7/29/2021 11:08,Other,ව්යාපෘතියක ප්රශ්ණ පැන නගින්නේ සැළසුම දුර්වල යසාර්ථක සැළසුම පිටුපස ඉන්නේ දක්ෂ මිනිසුන් වැරදුනු බෝලය පාස් කර ගැලවෙන්න හදන්නේ වැඩ බැරි කපටියෝයරාජපක්ෂ ලා මිනී මැරීම සාර්ථකව කරන ලද එකදු ව්යාපෘතියක හෝ නැත,1,673
754,1.42E+18,7/29/2021 10:39,Other,රාජපක්ෂ සජී අනුරල සේරම නැති දවසක,1,819
756,1.42E+18,7/29/2021 9:05,Politics,අග්රාමාත් ආර්යා ශිරන්ති රාජපක්ෂ මහත්මියගේ රෝහිත රාජපක්ෂ මහතාගේ මැදිහත් වීම ලොව දකින්න වාසනා උදාකරගත් ගලෙන්බිඳුණු වැව පලුගොල්ලෑගම පදිංචි උපතින් දෑස පෙනීම අහිමි වූ හැවිරිදි ජීවන්ත රත්නා දරුවා අග්රාමාත් මහින්ද රාජපක්ෂ මහතා හමුවෙයි,45,2078
758,1.42E+18,7/29/2021 8:27,Politics,මාර්ක්ස්වාදී නෙමේ උන් චන්දෙ දීල නැහැ රැකියාව පක්ෂ දේශපාලකයෝ හොඳ දන්නවා මේකේ තියෙන ගොඩක් පට්ට බොරු ජෙප්පන්ගේ පක්ෂෙ ආධාර ලැබෙන එක ඇත්ත වුන ලංකා තියෙන ධනවත් කොම්පැනිය රටේ ඉහලම කෝටිපතියො ජෙප්පෝ කියන එක විහිළුවක් රාජපක්ෂ සමාගම තමයි ලංකාවේ ධනවත් ඩේසිආච්චි,3,2015
760,1.42E+18,7/29/2021 7:05,Politics,මුදල් අමාත්ය බැසිල් රාජපක්ෂ ශ්රී ලංකා රේගු නිලධාරින් හමුවක් තිබේ,0,23
762,1.42E+18,7/29/2021 5:50,Politics,පරාජිත අපේක්ෂක රජයේ නිලතල ලබා නොදී ජනාධිපතිවරයා මිට පෙර තීන්දු කර තිබුන ඉදිරියේ එළඹී නියමිත පළාත් පාලන මැතිවරණය ඉලක්ක කර ගනිමින් අද්දැකීම් පළපුරුදු දේශපාලන චරිත කිහිපයක ආණ්ඩුකාර ධුර ලබාදීමට රාජපක්ෂ පවුල තීන්දුකර ඇත,0,6806
764,1.42E+18,7/29/2021 3:26,Politics,ගරු අග්රාමාත් මහින්ද රාජපක්ෂ මැතිතුමාගේ සුරතින් රුපියල් මිලියන තිස්එක්දහසක් වැය කර ඉදිකරන ලද දිවයිනේ දැවැන්ත ජල සම්පාදන යෝජනා ක්රමය විසල් මාතලේ ජල සම්පාදන යෝජනා ක්රමය විද්යුත් මාර්ගස්ථ ක්රමවේදයට ජනතා අයිතියට පත් කිරීම ඊයේ අරලියගහ මන්දිරයේ විය,4,22240
766,1.42E+18,7/29/2021 3:23,Politics,විශාල ජල යෝජනා වලින් ආවරණ නොවන ග්රාමීය ප්රදේශ වලට ප්රජා ජල යෝජනා ක්රම පිරිසිදු පානීය ජලය ලබා දෙනවා ගරු අග්රාමාත් මහින්ද රාජපක්ෂ මහතා,3,8148
768,1.42E+18,7/29/2021 3:16,Politics,මාධ්ය නිවේදන විශාල ජල යෝජනා ආවරණ නොවන ග්රාමීය ප්රදේශවලට ප්රජා ජල යෝජනා ක්රම පිරිසිදු පානීය ජලය ලබාදෙනව ගරු අග්රාමාත් මහින්ද රාජපක්ෂ මහතා,2,22240
772,1.42E+18,7/28/2021 19:23,Politics,විදේශ රැකියා වල නිරත ශ්රී ලාංකිකයන රටට ශක්තිය ගරු අග්රාමාත් මහිනද රාජපක්ෂ මහතා,4,8148
774,1.42E+18,7/28/2021 17:31,Politics,විධිමත් නගර රටේ ජනතාවට උරුම කරනවා ගරු අග්රාමාත් මහින්ද රාජපක්ෂ මහතා,3,8148
776,1.42E+18,7/28/2021 14:18,Politics,අග්රාමාත් ආර්යා ශිරන්ති රාජපක්ෂ මහත්මියගේ මැදිහත් වීම ලොව දකින්න වාසනා උදාකරගත් උපතින් දෑස පෙනීම අහිමිව සිටි ගලෙන්බිඳුණු වැව පලුගොල්ලෑගම ජීවන්ත රත්නා දරුවා අද දින පෙරවරුවේ අරලියගහ මන්දිරයේ ගරු අග්රාමාත් මහින්ද රාජපක්ෂ මහතා හමුවී,2,6740
778,1.42E+18,7/28/2021 9:11,Other,පැලෝපීය නාල ධම්මික පැණිය කැළණි ගග දෙබෑකරන් රාජපක්ෂ නාගය වගේ විනෝද කතාවක් තමයි මේක වැඩේ ති,1,141
780,1.42E+18,7/28/2021 5:50,Other,බැරි අයිතිකාරයා දුන්නොත් තමයි රජයසතු ඉඩමකි නෙවිනේ ලැබිල තියෙන්නේ එත් රජය සතු ඉඩමකින,1,15
782,1.42E+18,7/28/2021 3:23,Crime,ආබාධ හේතුවෙ භානුක රාජපක්ෂ හට ඉදිරි තරග දෙක අහිමි වෙයි,7,1310
784,1.42E+18,7/28/2021 2:24,Politics,ගුරු විදුහල්පති වැටුප් විෂමතා ප්රශ්නය ලබන සතියේ පැවැත්වෙන කැබිනට් රැස්වීමේදී යළි සාකච්ඡා කර තීරණයක එළඹෙන අගමැති මහින්ද රාජපක්ෂ මහතා ගුරු විදුහල්පති සංගම් නියෝජිතයන් අද පෙරවරුවේ පැවති සාකච්ඡාවේදී ප්රකාශ කළේය,1,105
786,1.42E+18,7/27/2021 19:08,Politics,මැද පෙරදිග දකුණු ආසියාතික රටවල් වල රාජ්යතාන්ත්රිකයින් රැසක් මුදල් අමාත්ය බැසිල් රාජපක්ෂ මහතා හමුවී සාකච්ඡා පවත්වා ඇත රටවල් ශ්රී ලංකා ලබාදෙන සහයෝග අගය කළ මුදල් අමාත්යවරය කලාපීය සහයෝගීතා අන්යෝන්ය සුහදතාව වර්ධන කර ගැනීමට ඉදිරිය කටයුතු කරන සඳහන් කර ඇත,13,2078
788,1.42E+18,7/27/2021 18:12,Politics,රාජපක්ෂ ආණ්ඩුවෙ පඩිය වැඩිකළේ දීමනාවට ර වගෙ බර ගණන් එල්ලුව මිසක පෙන්ෂන් ගියාම,0,202
790,1.42E+18,7/27/2021 16:51,Other,රාජපක්ෂ ක්රීඩාංගනය පිහිටා ඇත්තේ කුමන රටේද,10,6110
792,1.42E+18,7/27/2021 16:17,Sport,ඇඟිල්ලේ ආබාධ හේතුවෙ භානුක රාජපක්ෂ ඉන්දියාව ඉදිරි තරඟ දෙකෙන් ඉවත,4,3654
794,1.42E+18,7/27/2021 15:27,Politics,ගුරු විදුහල්පති ගැටලුවලට ලබන සඳුදා විසඳුම ගුරු විදුහල්පති වැටුප් විෂමතා ගුරු විදුහල්පති සේවාව සංවෘත සේවාවක පත් කිරීම අවසන් තීරණය ලබන සඳුදා පැවැත්වෙන කැබිනට් මණ්ඩල රැස්වීමෙන් අනතුරුව ලබා දෙන අගමැති මහින්ද රාජපක්ෂ මහතා අද අරලියගහ මන්දිරයේ ප්රකාශ කළේය,3,22240
796,1.42E+18,7/27/2021 13:04,Politics,සීයක නගර සංවර්ධන ව්යාපෘතියේ අරමුණ තිරසර නගරයක පහසුකම් අත්විදිය හැකි විධිමත් නගර මෙරට ජනතාව උරුම කරදී කටයුතු කරන අග්රාමාත් මහින්ද රාජපක්ෂ මහතා පවසයි විස්තර,11,110509
798,1.42E+18,7/27/2021 11:06,Politics,කොවිඩ් කළමනාකරණ අමාත්ය නාමල් රාජපක්ෂ ජය කණුවට දුරය වැඩිදුර විස්තර,9,2182
800,1.42E+18,7/27/2021 10:27,Politics,ගරු අග්රාමාත් මහින්ද රාජපක්ෂ මැතිතුමාගේ ප්රධානත්වය විදේශ කටයුතු අමාත්ය දිනේෂ ගුණවර්ධන මැතිතුමාගේ මහාමාර්ග අමාත්ය ජොන්ස්ටන් ප්රනාන්ද මැතිතුමාගේ සහභාගීත්ව කොන්සියුලර් කාර්යාලය කුරුණෑගල නගරයේ විවෘත කළ අවස්ථාවට සහභාගි වෙමින්,0,26
802,1.42E+18,7/27/2021 7:38,Politics,එක් ආසනයක බැනර් ප්රදර්ශන විය ඇතැම් බැනර්වල බර කිලෝ දහයක තරම් වේ රට පුරා බැනර් ඉස්සුවා බැසිල් නාස්ති කර හෝ පරිසරයට එක්කර තිබෙන පීවීසී ෆ්ලෙක්ස් ප්රමාණය කිලෝ ටොන් ක්වත් විය යුතුය,2,1259
804,1.42E+18,7/27/2021 7:37,Other,බැසිල් රාජපක්ෂ කළ වැදගත්ම දෙය,2,1259
806,1.42E+18,7/27/2021 6:42,Other,එතකොට අර පෙරටුගාමී එකේ කවුද හාදයෙක් කිව්ව ත්රිවිධ හමුදාව සේවක ප්රමාණය අඩු කරන්න කි,0,125
808,1.42E+18,7/27/2021 5:58,Sport,මගේ අද එක අවිෂ්ක ප්රනාන්ද සධීර සමරවික්ර දසුන් ශානක ධනංජය සිල්වා වනිඳු හසරංග ධනංජය ලක්ෂාන මිනෝද් භානුක චාමික කරුණාරත්න ඉශාන් ජයරත්න ප්රවීන් ජයවික්රම දුශ්මන්ත චමීර භානුක රාජපක්ෂ චරිත් අසලංක ඉසුරු උදාන අකිල ධනංජය,11,2305
810,1.42E+18,7/27/2021 4:09,Crime,මුදල් ඇමැති බැසිල් රාජපක්ෂ ශ්රී ලංකා පොදුජන පෙරමුණේ ජාතික ලැයිස්තු මන්ත්රීවරයෙක් පාර්ලිමේන්තුවට පත්කිරීම ආණ්ඩුක්රම ව්යවස්ථාවේ ප්රතිපාදනවල සිදුව නැති ඔහුගේ මන්ත්රිධුරය අහෝසි කරන්නැයි ඉල්ලා විනිවිද පෙරමුණේ ලේකම් නාගානන්ද කොඩිතුවක්,4,6740
812,1.42E+18,7/27/2021 3:28,Other,ආණ්ඩුව පත් කරන්නේ රටකට කවුරු රාජපක්ෂ නමට කෙළවෙනකම් ඉන්නේ රටේ මීට යුද්ධ තියෙ,7,854
814,1.42E+18,7/27/2021 3:13,Politics,ගුරු විදුහල්පති වැටුප් විෂමතාවය සම්බන්ධ තීරණාත්මක සාකච්ඡාවක් අද දිනයේ පැවැත්වී නියමිතව තිබේ අග්රාමාත් මහින්ද රාජපක්ෂ මහතාගේ ප්රධානත්වය අග්රාමාත් කාර්යාලයේ සාකච්ඡාව පැවැත්වෙනු ඇත,0,105
816,1.42E+18,7/26/2021 22:59,Crime,ඕකෙ ප්රධාන චෝදනාවට ලක් වෙන්නෙ තව්හිද් ජමාත් සංවිධානය එක අබ්දුල් රාසික්ගේ හැ,0,125
818,1.42E+18,7/26/2021 20:01,Politics,කියන්නේ සර් පාස් රටට කෙලවෙනකම් බලන් ඉන්න දෙයක් නැහැ කෙලවෙලා ඉවරයි රාජපක්ෂ ලා ආවදා ඉදන,24,9
820,1.42E+18,7/26/2021 18:39,Other,ඉදන් සංවිධාන පිලිබඳ යම් යම් මතවාද තිබුන කියන්න බලන්න මොනාද තිබුන මතවාද එහෙනම්,0,125
822,1.42E+18,7/26/2021 15:42,Politics,මහින්ද රාජපක්ෂ ණය ගත්ත සතයක ගෙව්වද ගෙවන්න තිබුණෙ ඉඳලනෙ චීනගෙ ණය කන්දයි රටේ මුළු,0,202
824,1.42E+18,7/26/2021 12:57,Other,සැම්සන් සමූහයේ අධ්යක්ෂ කසුන් රාජපක්ෂ ලංකා හොස්පිටල්ස් අධ්යක්ෂ මණ්ඩල ලංකා හොස්පිටල්ස් කෝපරේෂන් පීඑල්සී සමාගමේ අධ්යක්ෂ මණ්ඩල සාමාජිකයෙකු දියුනුගේ දිනුජ් කසුන් රාජපක්ෂ මහතා පත් කර ඇතැයි සමාගම පවසයි ජුලි වැනිදා ක්රියාත්මක,0,6894
826,1.42E+18,7/26/2021 10:31,Politics,ආයුබෝවන් කොවිඩ්ඩ් පලය නොවන තුන්කල දර්ශණ දැක්මව බුද්දික නොවන හෙළයන් අවදි සත්ය සත්යය එවක හිටපු ගරු ජනපති මහින්ද රාජපක්ෂ ශ්රිමතානන් ජනපතිවරනය වසර තියා අර්ත ධර්මය වන්චාව දුශණයට එරෙහි දුරාචාර අපචාර අනාචාර වලකා අභිමානි රටක්,0,0
828,1.42E+18,7/26/2021 7:46,Sport,භානුක රාජපක්ෂ දෙවනි එකට නෑලු,19,5810
830,1.42E+18,7/26/2021 7:12,Politics,ශ්රී ලංකා පොදුජන පෙරමුණ පාම උපුල් මහේන්ද්ර රාජපක්ෂ,1,2800
832,1.42E+18,7/26/2021 6:26,Sport,භානුක රාජපක්ෂ හට අවසන් පන්දු වාර තරඟ දෙකත් අහිමි ලකුණු,12,1310
834,1.42E+18,7/26/2021 5:32,Politics,අර හාමදුරුවෝ වගේ තමයි මෙය කිසි හොයල බැලිල්ලක් රාජපක්ෂ නායක හාමදුරුවන්ගෙන් වච,0,68
836,1.42E+18,7/26/2021 3:07,Other,රාජපක්ෂ පවුල් පාලනයට එරෙහි ලන්ඩන් විරෝධය,15,1488
838,1.42E+18,7/26/2021 1:17,Other,උදේ පාන්දර දැක්කේ මේක රාජපක්ෂ ගෙදර බාගෙට කාබන් එක ගියපු එකක් තියෙනවානේ ඒයි මට වැරදිලාවත්ද පේන හැටිද,5,2745
840,1.42E+18,7/25/2021 19:10,Sport,භානුක රාජපක්ෂ අඩුව අපි දැණුනා පන්දු යැවීම හදාගන්න සෑහෙන කැපකිරීම් කළා පැතුම් ටත් ආබාධ අද තරඟයෙන් අනතුරුව පැවති මාධ්ය හමුව,11,3654
842,1.42E+18,7/25/2021 17:54,Crime,බ්රිතාන්ය ශ්රී ලංකා තානාපති කාර්යාලය ඉදිරිපිට රාජපක්ෂ විරෝධයෙන් ගිගුම්දෙයි,0,289
844,1.42E+18,7/25/2021 17:53,Politics,හුදු රාජපක්ෂ විරෝධී සන්ධාන වැඩක් ප්රතිපත්ති ගොඩනැඟුණු විකල්ප ඕන,1,1258
846,1.42E+18,7/25/2021 14:24,Other,රාජපක්ෂ නේව් පේමදාස හිටිය,0,150
848,1.42E+18,7/25/2021 13:55,Other,රාජපක්ෂ කඩේ කොලුවා සාත්තරත් කි,5,1236
850,1.42E+18,7/25/2021 12:34,Other,භාගයක චීනෙ භාගයක ඇමරිකාව දීල නාමික රජ පරපුර රාජපක්ෂ නමි අභිශේක ගන්වනවට කැමතියි,4,595
852,1.42E+18,7/25/2021 10:25,Other,පළවෙනි චායාරුපෙ තියෙන්න සාද පැවැත්වී තහනම් කාලේ උපන්දින සාදයක ගිහිං මාට්ටුවෙලා කොරන්ටයින් කරන්න යැවුව රාජපක්ෂ පවුලේ හිතවතෙක් ජැක්සන් ඇනතනීගේ දුව මාධවී ඇන්තනීට ලැබුන කෑම එක දෙවනි පොටෝ එකේ තියෙන්න කොරෝනා වැලඳ කොරන්ටයින් සෙන්ටර් එකක යැවුව චානක මධුසංඛ ලැබුන බත් එක,35,1075
856,1.42E+18,7/25/2021 8:05,Politics,අනාගත පරපුර පරිසරය ආරක්ෂා කරනවා අමාත්ය නාමල් රාජපක්ෂ අනාගතපරපුරවෙනුවෙන්පරිසරයආරක්ෂාකරනවාඅමාත් යනාමල්රාජපක්ෂ,0,369
860,1.42E+18,7/25/2021 6:21,Other,කිව්වා අමු ගොන් ගොබ්බ කතාවක් පාර්ලිමේන්තුවේ මුස්ලිම් මන්ත්රීවරු ඉන්නෙ කීයෙන් කී දෙ,0,125
862,1.42E+18,7/25/2021 0:15,Other,නිවුන් දරුවන් දෙන්නෙ එක්ක අරුණි රාජපක්ෂ ගත කරන සුන්දර ජිවිතේ චායාරූප,0,12
864,1.42E+18,7/24/2021 22:19,Politics,රිෂාඩ් බදියුද්දීන් මුස්ලිම් ඇමතිවරු පදවිවලින් ඉල්ලා අස්වී මහින්ද රාජපක්ෂ මතය ජුනි දින පැවැත්වූ සාකච්ඡාවක්,4,16362
866,1.42E+18,7/24/2021 17:17,Sport,ඇෆ්ගනිස්ථාන පාකිස්තාන තරග තුනකින් යුත් එක්දින තරගාවලිය මුලින් සැලසුම් කළ එක්සත අරාබි එමීර් රාජ්යය ශ්රී ලංකාවේ හම්බන්තොට මහින්ද රාජපක්ෂ ක්රීඩාංගණයේදී පැවැත්වී නියමිත වාර්තා කරයි,0,105
870,1.42E+18,8/1/2021 19:19,Crime,තීරණය ලැබුණු වහාම ක්රියාත්මක වීම ජනාධිපතිවරනයෙන් ජයගත් මෙෙත්රීපාල සිරිසේන යහපාලන ආණ්ඩුව දැනුවත්ව සිටිය සම්බන්ධ පරීක්ෂණයක් පැවැත්වූයේ නැත මංගල සමරවීර අපරාධ පරීක්ෂණ දෙපාර්තමේන්තුවට කරන ලද පැමිණිල්ල දිය කර හැරියේ,0,673
874,1.42E+18,7/31/2021 17:39,Crime,කියන්නෙ දැරිය ලිංගික හිංසනය බලේන් කරගෙන ගිනි තියාගෙන සියදිවි හානිකර ගත්තා කියන,1,20
876,1.42E+18,7/31/2021 6:54,Crime,වින්දිත මිය ගිහින් සිවිල් නඩුවක් දාන් බැරි ඇත්ත ඒත් ස්ත්රී දූෂණයක සඳ,2,569
878,1.42E+18,7/31/2021 5:01,Crime,සල්ලි කුට්ටියට ඔීනෑම අපරාධය සුදු කරන්න පාදඩයන් ඉන්නකන් රටක අපරාධ වෙනවා අඩු වීමක් බදියුදීන් නිවසේ මියගියේ බාලවයස්කාරියක් නොවේ පිරුණු තරුණියක් දුෂණයක් වුණ මියගොස් නීතිය සිය දිවි නසාගත් ඇයම කීවා නීතිඥ ගුණරත්න වන්නිනායක,8,3004
880,1.42E+18,7/31/2021 4:44,Crime,සාපරාධී අපරාධ,0,2489
882,1.42E+18,7/30/2021 6:00,Crime,බණ්ඩාරගම රු කෝටි හෙරොයින ඇල්ලු පොලිස් මෙහෙයු දර්ශන සහිතයි රුපියල් කෝටි කට අධික හොරොයින් මත්කුඩු තොගයක් බණ්ඩාරගම රේරුකාන ප්රදේශයේ පුද්ගලය අද අලුයම කළුතර අපරාධ කොට්ඨාසය අත්අඩංගුව ගැණුනි විස්තර,11,110509
884,1.42E+18,7/30/2021 5:10,Crime,කොරියාවේ රැකියා දෙන පවසා මුදල් වංචා කළ පුද්ගලයින් දෙදෙනෙක් අල්ලයි කොරියාවේ රැකියා දෙන පවසමින් මුදල් වංචා කළ පුද්ගලයින් දෙදෙනෙක් මහනුවර අපරාධ ඒකකයේ නිලධාරීන අත්අඩංගුව ගෙන තිබේ විස්තර,9,110509
886,1.42E+18,7/30/2021 4:00,Crime,ප්රවාහන රාජ්ය අමාත්ය දිලුම් අමුණුගම මහතාගේ සම්බන්ධීකරණ ලේකම්වරයකු පෙනී සිටිමින් රුපියල් එක්කෝටි විසි ලක්ෂයක මුදලක් වංචා කළ කියන පුද්ගලය කැලණියේ අත්අඩංගුව ගත් කොළඹ අපරාධ කොට්ඨාසය කියයි සැකකරු සන්තක තිබී ප්රවාහන අමාත්යාංශයෙන් න,0,6740
888,1.42E+18,7/30/2021 3:27,Crime,රුපියල් කෝටි කට අධික වටිහතළිහකට අධික වටිනාකමකින් යුත් හෙරොයින තොගයක් සැකකරු බණ්ඩාරගම රේණුකාන ප්රදේශයේදී අද අළුයම කළුතර දිසා අපරාධ විමර්ශන ඒකකය අත්අඩංගුව ගෙන පොලිස් මාධ්ය ප්රකාශක ජ්යෙෂ්ඨ නියෝජ්ය පොලිස්පති අජිත් රෝහණ,0,105
890,1.42E+18,7/30/2021 3:02,Crime,ව්යාජ ලේඛන සකසා කළ වංචාව තෙල්දෙණිය අපරාධ ඒකකය ව්යාජ ලේඛන ඉදිරිපත් කළ මුදල් වංචා කිරීමක් සම්බන්ධ පුද්ගලයෙ අත්අඩංගුව ගෙන තිබේ විස්තර,6,110509
892,1.42E+18,7/29/2021 14:34,Crime,බදියුදීන් ගෙදර උන අපරාධ සියල් පොලිසිය මාධ්ය වමාරනවා අවසානය නීතියෙන් හැමෝම නිදහස් නීතිපතියත් නිහඬයි උසාවියත් නිහඬයි හිංසා විඳපු අය වැරදියි මේවා වෙන්නෙ කොහොම,11,32
894,1.42E+18,7/29/2021 13:32,Crime,රිෂාඩ් බදියුදීන්ගේ නිවසේ දරුවන්ට සිදුවූ අපරාධ රැසක් එළිය,2,2025
896,1.42E+18,7/29/2021 13:32,Crime,හෙරොයින කිලෝ සැකකරුවෙක් අත්අඩංගුව මීගොඩ පොලිස් වසමේ මීගොඩදෙණිය ප්රදේශයේ බස්නාහිර පළාත දකුණ අපරාධ කොට්ඨාසයේ නිලධාරින් හෙරොයින සැකකරුවෙක් අත්අඩංගුව ගෙන තිබේ විස්තර,5,110509
898,1.42E+18,7/29/2021 11:47,Crime,විශ්රාම ගිය ඔහු ඇෆ්ගනිස්ථානය ඇමරිකන් බුද්ධි අංශවල ඝාතන ලයිස්තු සිවිල් වැසිය මියගිය ඩ්රෝන ප්රහාර පිලිබඳ වාර්තා සඟරා ලබාදුන්නේය පැහැදිලිව සිවිල් වැසිය සිටින දැන දැන සිදුකල ඩ්රෝන ප්රහාර වාර්තාද වූ ඒවා ඇමරිකන් යුධ අපරාධ,5,4350
900,1.42E+18,7/29/2021 5:01,Crime,මත්ද්රව්ය ජාවාරමෙන් මුදල් උපයාගත ගත් රුපියල් බිලියන මුදලක් බැංකු ගිණුම් පවත්වාගෙන ගිය හැවරිදි දෙහිවල ප්රදේශයේ කාන්තාවක් මුදල් විශුද්ධි කරණ පනත යටතේ අපරාධ පරීක්ෂණ දෙපාර්තමේන්තුව අත්අඩංගුව ගෙන තිබෙනව,1,105
902,1.42E+18,7/28/2021 23:54,Crime,හරිම කනගාටු දායක සිදුවීමක් වගේ අපරාධ කරණ පුද්ගලයන් උපරිම දඩුවම් ලබා දිය යුතුයි ඒත් අපේ,0,5
904,1.42E+18,7/28/2021 20:11,Crime,අබුඩාබි අපරාධ අධිකරණය චූදිත දෙනෙකු සමාගම් මුදල් විශුද්ධිකරණ වෙළඳාම සම්බන්ධ වරදකරු කරයි,0,234
906,1.42E+18,7/28/2021 15:58,Crime,හිටපු හැමනායකයෙක්ම අද දරැවන්ට අපරාධවල වගකිවයුතු වැඩ සටහනක තිබ්බෙ නැ හරි ආයතනයක නැ උසාවි තීන්දු මුදල්වල යටවුනා දුප්පත් දරවන් දෙමව්පිය ඈත් උනා ආදරය අහිමි උනා අපරාධ මේවා මුං හැමෝම වගකිවයුතු,0,32
908,1.42E+18,7/28/2021 14:36,Crime,කවුද කිව්වේ ඒක වැරදියි කියලා මොනවා නැතත් බොන එක නවත්වන්න එපා හෙන ගහන අපරාධ ඒවා එක්සයිස් ප,1,2481
910,1.42E+18,7/28/2021 13:55,Crime,පාස්සකු ප්රහාරය සම්බන්ධ සිදුකළ ප්රකාශයක අදාලව හිටපු අමාත්ය පාර්ලිමේන්තු මන්ත්රි හරීම් ප්රනාන්ද මහතා පැය ප්රකාශයක් ලබා දීමෙන පසු අපරාධ පරීක්ක්ෂණ දෙපාර්තමේන්තුවෙන් පිටත්ව ගියේ අද පෙරවරු,1,105
912,1.42E+18,7/28/2021 12:05,Crime,අපරාධ පරීක්ෂණ දෙපාර්තමේන්තුවට පැය ප්රකාශ ලබාදී හරී ප්රනාන්ද පිටව යයි,1,2025
914,1.42E+18,7/28/2021 11:01,Crime,අන් අයකු නමි පෙනී මත්තේගොඩ ප්රදේශ රැසක විහාරස්ථාන කින් රුපියල් ලක්ෂ ගණනාවක මුදල් දේපළ සොරාගෙන හෙරොයින මත්කුඩු පානය කළ කියන සිවුරු දැරු පුද්ගලය කොළඹ කෙසෙල්වතත් ප්රදේශයේදී අත්අඩංගුව ගත් බස්නාහිර පළාත දකුණු අපරාධ කොට්ඨාසය කියයි,1,6740
916,1.42E+18,7/28/2021 10:30,Crime,පාර්ලිමේන්තු මන්ත්රි හරී ප්රනාන්ද අපරාධ පරීක්ෂණ දෙපාර්තමේන්තුව,0,111
918,1.42E+18,7/28/2021 10:29,Crime,ඉපදීමයි මියයාමයි අතරට කවුද කසාදය දාපු එකා හෙනගහන අපරාධ මේවා,5,316
920,1.42E+18,7/28/2021 7:45,Crime,මෙහෙයුම් ප්රධානී මහතා අද කොළඹ අපරාධ පරීක්ෂණ දෙපාර්තමේන්තුව කැදවා තිබූ,0,8793
922,1.42E+18,7/28/2021 6:31,Crime,හරී ප්රනාන්ද අපරාධ පරීක්ෂණ දෙපාර්තමේන්තුවට,0,1018
926,1.42E+18,7/28/2021 5:13,Crime,පාස්කු ඉරිදා ප්රහාරය සම්බන්ධ ප්රකාශයක් ලබාදී පාම හරී ප්රනාන්ද අපරාධ පරීක්ෂණ දෙපාර්තමේන්තුවට පැමිණෙයි පොලිස් මාධ්ය ප්රකාශක,0,1277
928,1.42E+18,7/27/2021 16:14,Crime,ආදරයයි කතාවේ සමහර දර්ශණ අපරාධ කරුවන්ට යම් ක්රියාවන්වලට යොමුවෙන්න එක්තරා මට්ටමක පුහුණුවක් ලබාගන්න පුලුවන් එහි තිබෙන්නෙ වැරදි කරන පුද්ගලයන් නිතියෙන් බේරෙන විදිහ,2,1249
930,1.42E+18,7/27/2021 12:28,Crime,බාලවයස්කාර දැරියක තම නිවසේ මෙහෙකාර සේවයේ යොදවා ගෙන ලිංගික අපයෝජන ලක්ව පිළිස්සී මියයාම බරපතල අපරාධ චෝදනා එල්ල වී රිෂාඩ් බදියුදීන් මන්ත්රීවරය එරෙහි ඔහු පාර්ලිමේන්තුවට තේරී පත්ව සිටින සමගි ජන බලවේග ගෙන විනය ක්රියාමාර්ග කවරේ,0,516
932,1.42E+18,7/27/2021 10:15,Crime,කාන්තාවන්ට දරුවන්ට එරෙහි අපරාධ කඩිනමි විමර්ශන කර චූදිතයින්ට දඬුවම් කළ යුතුයි සජිත,0,206
934,1.42E+18,7/27/2021 7:13,Crime,පොලිසිය ඉහළ විස්වාසය පොලිසිය සම්පුර්ණ ස්වාධීන ඒකකයක විදිහට ක්රියාත්මක වෙනවා වංචා දූෂණ අවමයි සමීක්ෂණයටකට අනූව ජනතාව පොලිසිය විස්වාස කරනවා හින්දම අපරාධ අවම මට්ටමේ තියෙනවා,21,1327
936,1.42E+18,7/27/2021 6:43,Crime,මහනුවර ප්රදේශයේ වාහන මුදල් වංචාවන් රැසක සම්බන්ධ සැකකරු නුගේගොඩ කොට්ඨාස අපරාධ විමර්ශන ඒකකය අත්අඩංගුව,1,65304
938,1.42E+18,7/27/2021 3:46,Crime,මහනුවර ප්රදේශයේ වාහන මුදල් වංචාවන් රැසක සම්බන්ධ සැකකරු නුගේගොඩ කොට්ඨාස අපරාධ විමර්ශන ඒකකය අත්අඩංගුව ගෙන ඇත සැකකරු නුගේගොඩ ප්රදේශයේ කුලි වාහන ලබා දෙන ස්ථානයකි රුපියල් ලක්ෂ වටිනා වාහනයක ලබාගෙන වංචා කිරීමක් සම්බන්ධ,0,105
940,1.42E+18,7/27/2021 3:33,Crime,කුලි ගන්නා වාහන විකුණන ජාවාරමක හෙළිවෙයි වාහන කුලි දෙන ආයතනවලින් වාහන ලබාගෙන ඒවා විකිණීමේ ජාවාරමක නිරත වූ හැවිරිදි පුද්ගලයෙකුව නුගේගොඩ කොට්ඨාස අපරාධ විමර්ශන ඒකකය අත්අඩංගුව ගෙන තිබේ විස්තර,2,110509
942,1.42E+18,7/26/2021 6:20,Crime,සංවිධානාත්මක අපරාධ කණ්ඩායමකට සම්බන්ධ තුෂාර ප්රියන්ත අත්අඩංගුව,0,2025
944,1.42E+18,7/26/2021 4:46,Crime,රටට ආදරේ කරන ජනතාවට මුන්ගෙන් සිදුවුණු අපරාධ ජනතාවට කිසිදිනක අමතක වෙන්නේ නැහැ ඒව,1,2808
946,1.42E+18,7/25/2021 10:18,Crime,චෙරන් යනු අපරාධ කල්ලි කලක ඉහත බරපතළ පීඩාවට පත් මෙක්සිකෝ කුඩා නගරයක පොලීසියෙන් දේශපාලනයෙන් ඔවුන්ගේ ගැටලුවට පිළිතුරු ලැබුණේ නැහැ නගරවාසීන් අවසානයේදී අවදානම් සහගත තීරණයක එළඹුණා,7,1182
948,1.42E+18,7/25/2021 2:55,Crime,වග නොවන වගවීම මඟහැරී හැකි අක්රමිකතා කරලා නොන්ඩි වෙලා නිතියට කොකා පෙන්වා බේරි ඉන්න පුළ,2,900
952,1.42E+18,7/25/2021 2:55,Crime,වග නොවන වගවීම මඟහැරී හැකි අක්රමිකතා කරලා නොන්ඩි වෙලා නිතියට කොකා පෙන්වා බේරි ඉන්න පුළුවන් ක්රමවේද තිබෙන ඕන රටක අපරාධ වලට සැම සමානව නිතීය ක්රියාත්මක කිරීමට බලාපොරොත්තු නොවන්න පුද්ගලයන් හට එකම නිතියක් එකම රටක් ක්රියාත්මක කරන්න බැහැ ප්රතිපත්ති වලට පමණක හැකිය,1,900
954,1.42E+18,7/29/2021 9:19,Crime,කුරුණෑගල රෝහලේ ඩෙංගු හැදිලා මරණ මංචකේ ඉන්නකොට වස බීපු දෙන්නෙ හිටිය වාට්ටු,2,546
956,1.42E+18,7/27/2021 7:31,Other,මරන එහෙනම් මීට වැක්සීන් තාම ලැබුණ නැති අයෙක,1,1986
958,1.42E+18,7/26/2021 12:59,Other,අහුවෙයන්කො මරන හොදෙ,1,755
960,1.42E+18,7/26/2021 4:57,Other,උදේ ඇහුන සින්දුව සසරේ කොතන හෝ හිමි උනොත් මට ඔයා නින්දෙන් මට හිතුන විදිය සත්තයි රත්තරන් මරන එක හිතින්,6,229
962,1.42E+18,8/1/2021 18:57,Crime,පන්සලට විරුද්ධව පොලිසියට ගිය මට මරණ තර්ජන,0,17
964,1.42E+18,8/1/2021 17:43,Other,මරණ ඉදිරි මාස දෙක දැඩිව අවදානම් විශේෂඥ මතය,0,329
966,1.42E+18,8/1/2021 17:38,Other,ඉරිදා කොරෝනා ආසාදිතයින් මරණ ඉරිදා කොරෝනා ආසාදිතයින් මරණ,4,6740
968,1.42E+18,8/1/2021 17:29,Other,බුස්ස නිපුන කොවිඩ් ප්රථිකාර මධ්යස්ථානයේ ප්රථිකාර ලබමින් සිටි පොලිස් පරික්ෂකවරයකු මියයාමෙන් පසුව සිදුකල මරණ පරික්ෂණයේදි කොවිඩ් නිව්මෝනියා වැළදිමෙන් ඇතිවු සංකුලතාවය සිදුවු මරණයක් අනාවරණ වියමෙලෙස මියගොස් ඇත්තේ හැවිරිදිවියේ පසුවන උප පොලිස්,0,105
970,1.42E+18,8/1/2021 15:17,Other,අදට කොරෝනා මරණ විදිහට ගියොත් සැප්තැම්බර් අන්තිම කරත් ක්වත් මැරෙයි,4,2305
974,1.42E+18,8/1/2021 13:47,Other,කොවිඩ් ආසාදිත මරණ වාර්තා වෙයි,2,22240
976,1.42E+18,8/1/2021 13:37,Other,කොවිඩ් මරණ,1,14873
980,1.42E+18,8/1/2021 13:19,Other,අද ආසාදිත මරණ,0,289
982,1.42E+18,8/1/2021 13:18,Other,කොරෝනා මරණ,1,28580
984,1.42E+18,8/1/2021 13:08,Other,ආසාදිතයන් අඩු මරණ දවසට,8,785
986,1.42E+18,8/1/2021 12:57,Other,කොවිඩ් මරණ ඊයේ දිනයේ වාර්තා වීමත් මෙරට සමස්ත කොවිඩ් මරණ ගණන ඉහළට ගතවු දින තුලදී වාර්තා වී කොවිඩ් ආසාදිත මරණ ගණන,9,2875
988,1.42E+18,8/1/2021 12:57,Other,ඊයේ වාර්තා වූ කොවිඩ් මරණ ගණන මුළු මරණ ගණන සීමාව ඉක්මවා ගියා,5,194
992,1.42E+18,8/1/2021 12:52,Other,ඊයේ කොවිඩ් මරණ වාර්තා වීමත් මෙරට සමස්ත කොවිඩ් මරණ ගණන සීමාව ඉක්මවා ගියේ මෙරට කොවිඩ් මරණ සංඛ්යාව කි,0,2296
996,1.42E+18,8/1/2021 12:29,Other,මරණ වාර්තා වෙයි පිරිමි කාන්තා මෙරටින් වාර්තා මුළු කොරෝනා ආසාදිත මරණ සංඛ්යාව,0,1277
998,1.42E+18,8/1/2021 12:25,Other,කොවිඩ් මරණ සමස්තය ඉක්මවයි අද දිනය කොවිඩ් මරණ සෞඛ්ය සේවා අධ්යක්ෂ ජනරාල්වරයා තහවුරු කර තිබේ විස්තර,9,110509
1002,1.42E+18,8/1/2021 10:58,Other,ශ්රී ලංකා ජූලි දින අපගේ දෛනික යාවත්කාලීන කිරීම රෝගීන් වාර්තා වී ජූලි වනදා මරණ පරීක්ෂණ රැපිඩ් ප්රතිදේහජනක පරීක්ෂණ කර ඇත,1,1922
1004,1.42E+18,8/1/2021 7:13,Other,ඉපදීම අකුරු කි ආදරය අකුරු කි හැරයාම අකුරු කි තනිවීම අකුරු කි මරණ අකුරු කි,2,1645
1006,1.42E+18,8/1/2021 6:46,Crime,මෙහෙකාර දැරියගේ දෙවන පශ්චා මරණ පරික්ෂණය කරයි,2,289
1008,1.42E+18,8/1/2021 6:35,Other,උප්පැන්න විවාහ මරණ සහතික පිටපත මාර්ගගත ක්රමයට,32,1645
1010,1.42E+18,8/1/2021 6:27,Other,කොරෝනාවෛරසය ඊයේ ආසාදිතයින් මරණ,2,8026
1012,1.42E+18,8/1/2021 6:15,Other,තායිලන්තයේ කොවිඩ් වසංගත ව්යාප්තිය දරුණුම අවධියට මුහුණපා සිටී දෛනික මරණ කට ආසන්න වෙමින් එරට සෞඛ්ය පද්ධති මුහුණපා සිටින බරපතළ අර්බුදය වන්නේ රෝහල් මෘතදේහ ගොඩගැසීමයබැංකොක් අගනුවර නුදුරු රෝහලක වසරේ තායිලන්ත,0,105
1014,1.42E+18,8/1/2021 6:01,Other,කොරෝනා පලමු දෙවනි රැල්ලෙදි මරණ අඩු උනේ ලංකා දේශිය ලබාගත් ප්රතිකාර එන්නත කෙරුවාවෙන් මිනිසුන් අවදානමෙන් මිදුනා දැන එන්නත දෙකම ගහපු අයට හැදිලා එයින් අයට හැදිලා මරණ වැඩියි මුදල් නාස්ති විතරයි,1,1249
1016,1.42E+18,8/1/2021 5:09,Other,සඳුදා ඉඳන් ආණ්ඩුව හදන්නේ කොරෝනා වැඩිකරන්න මරණ ගාණත් කරන්න,1,1631
1018,1.42E+18,8/1/2021 4:42,Other,ඊයේ හමුවූ ආසාදිතයින් දෙනා කොවිඩ් මරණ හි සියලු තොරතුරු,1,591
1022,1.42E+18,8/1/2021 4:30,Other,සෙනසුරාදා ආසාදිතයින් මරණ සෙනසුරාදා ආසාදිතයින් මරණ,0,6740
1024,1.42E+18,8/1/2021 4:23,Other,ඊයේ කොරෝනා ආසාධිතයින් යි මරණ යි,0,88
1026,1.42E+18,8/1/2021 4:00,Other,මෙරටින් කොවිඩ් මරණ ආසාදිතයින්,0,201
1028,1.42E+18,8/1/2021 3:57,Other,ගතවූ පැය වැඩිම කොරෝනා මරණ සංඛ්යාව ඉන්දුනීසියාවෙන් වාර්තා වෙයි,0,2025
1032,1.42E+18,8/1/2021 2:28,Other,ජනතාවට මගුල් කන්න එපා කියන ආණ්ඩුව වැඩට එන්න කියන්නේ කොවිඩ් මරණ කරන්න මුජිබර් රහුමාන්,1,1258
1034,1.42E+18,8/1/2021 0:51,Other,තමන්ගේ සහතික ගෙදර සිටම ගන්න සර් සිස්ටම් එක වෙනස් කරන් යනවා ඕං ගොබ්බයෙක් ඉස්සරහ ඇවිත අහයි මරණ සහතිකය ගන්නේ මැරුණු කෙනාද කියා බොලං එයාගේ ලඟම ඥාතියෙක් තමයි වැඩකරණරටක්,19,3299
1036,1.42E+18,7/31/2021 22:07,Other,කොවිඩ් මරණ වාර්තා වෙයි,1,1975
1038,1.42E+18,7/31/2021 17:41,Other,කොරෝනා මරණ වාර්තා වෙයි,0,329
1040,1.42E+18,7/31/2021 17:09,Other,එක්සත අරාබි එමීර් රාජ්යයේ සෞඛ්ය අමාත්යාංශ පැය පරීක්ෂණ කරයි ආසාදිතයින් හඳුනාගනී සුවවී මරණ වාර්තාවේ,0,234
1042,1.42E+18,7/31/2021 16:15,Other,කොවිඩ් මරණ ඊයේ කොවිඩ් මරණ වාර්තා වී සෞඛ්ය සේවා අධ්යක්ෂ ජනරාල්වරයා අද දින තහවුරු කර තිබේ විස්තර,8,110509
1044,1.42E+18,7/31/2021 16:09,Other,ඉෂාලිනීගේ දෙවන පශ්චා මරණ පරීක්ෂණය අවසන් වාර්තා ලැබෙන සිරුර පේරාදෙණි රෝහලේ,0,1631
1062,1.42E+18,7/31/2021 14:33,Other,ඊයේ දිනයේදී මරණ වාර්තා වී තිබෙනව මුළු මරණ ගණන,4,194
1066,1.42E+18,7/31/2021 14:03,Crime,ඉෂාලිනීගේ දෙවන මරණ පරීක්ෂණයේ පූර්ණ වාර්තාව ලැබෙන දේහය පේරාදෙණි රෝහලේ,1,2025
1068,1.42E+18,7/31/2021 12:22,Crime,ඉෂාලිනිගේ දෙවන පශ්චා මරණ පරීක්ෂණයෙන් සොයාබැලෙන කරුණු විස්තර,16,110509
1070,1.42E+18,7/31/2021 11:37,Crime,හයිසින්ත් විජේරත්න වෑන් රථයේ රියදුරු රිමාන්ඩ් රිය අනතුරක මුහුණ දීමෙන ජීවිතක්ෂ පත්වු ප්රවීණ රංගන ශිල්පිනී හයිසින්ත් විජේරත්න මහත්මියගේ සිරුර පශ්චා මරණ පරීක්ෂණය නුවරඑළි රෝහලේ අධිකරණ වෛද්යවරයා සිදුකර තිබේ විස්තර,14,110509
1074,1.42E+18,7/31/2021 10:27,Other,සල්ලිවලට දෙමාපියෝත් මරණ මැරෙණ රටක් මෙික මොන කතාද,0,18
1076,1.42E+18,7/31/2021 8:30,Crime,ගුරු සංගම් නායකයා මරණ තර්ජන,0,235
1080,1.42E+18,7/31/2021 7:41,Crime,උඹ බල්ලෙක් වගේ මහපාරේ මරා දානවා මහින්දට මරණ තර්ජන උඹ බල්ලෙක් වගේ මහපාරේ මරා දානවා ගුරු සංගම් නායක මහින්දට මරණ තර්ජන,1,26
1082,1.42E+18,7/31/2021 6:40,Crime,ඉෂාලිනීගේ දෙවන මරණ පරීක්ෂණය අද,0,2025
1084,1.42E+18,7/31/2021 4:55,Crime,ඉෂාලිනීගේ දේහය දෙවැනි මරණ පරීක්ෂණයක ගෙනයයි,0,235
1086,1.42E+18,7/31/2021 4:40,Other,මියන්මාර කොරෝනා වයිරස් මරණ ඉහළ යද්දී මිලිටරි ආන්ඩුව බලය තහවුරු කර ගැනීමට විරුද්ධවාදී මර්දනය කිරීමට වසංගත භාවිතා කරන රටවැසියන් මානව හිමිකම් ක්රියාකරුවන්ගෙන් එල්ල චෝදනා වර්ධන වෙමින් තිබේ,2,583
1088,1.42E+18,7/31/2021 4:20,Crime,ඉෂාලිනීගේ දේහය ගොඩගෙන දෙවැනි මරණ පරීක්ෂණය ඇරැඹේ,0,361
1090,1.42E+18,7/31/2021 2:37,Crime,බල්ලෙක් වගේ පාරෙ මරලා දානවා ලංකා ගුරු සේවා සංගමයේ ප්රධාන ලේකම් මහින්ද ජයසිංහ මරණ තර්ජන,0,1244
1094,1.42E+18,7/31/2021 2:04,Crime,ඊයේ ආසාධිතයින් යි මරණ යි,3,88
1096,1.42E+18,7/30/2021 21:32,Other,කොවිඩ් මරණ ආසාදිතයින් ඉහලට,0,201
1100,1.42E+18,7/30/2021 19:49,Crime,එක්ස්ප්රස් පර්ල් නෞකාව ගිනි ගැනීම සමුද්රජීවී මරණ අනාවරණයක්,0,329
1102,1.42E+18,7/30/2021 19:46,Crime,ගුරු නායක මහින්ද ජයසිංහ මරණ තර්ජන,11,1488
1104,1.42E+18,7/30/2021 19:06,Crime,ගුරු නායක මහින්ද ජයසිංහ මරණ තර්ජන විස්තර,0,289
1106,1.42E+18,7/30/2021 17:27,Crime,ගුරු වෘත්තීය සමිති නායකයා මරණ තර්ජන වීඩියෝ,0,329
1108,1.42E+18,7/30/2021 16:57,Other,සිකුරාදා දිනයේ හඳුනාගත සමස්ත ආසාදිතයින් ගණන කි කොවිඩ් ආසාදිත මෙරටදී හඳුනාගත සමස්ත ආසාදිතයින් ගණන ඉහළගොස් තිබේ ඊයේ සිදුවූ කොවිඩ් මරණ සෞඛ්ය සේවා අධ්යක්ෂ ජනරාල්වරයා අද දින තහවුරු කර තිබේ,2,6740
1110,1.42E+18,7/30/2021 16:47,Crime,ගුරු සංගමේ මහින්දට කොරියාව මරණ තර්ජන,0,1258
1114,1.42E+18,7/30/2021 16:04,Other,කොවිඩ් ආසාදිත මරණ,1,22240
1116,1.42E+18,7/30/2021 16:01,Other,දෛනික කොවිඩ් මරණ වැඩිවෙලා නේද ඒත් කතාබහක සෝෂල් මීඩියා වල කතාබහක නැම් චීනෙ කොරෝනා තීබ්බ කාලෙ වගේ,2,600
1118,1.42E+18,7/30/2021 15:39,Crime,රිෂාඩ් බදියුදීන් මන්ත්රිවරයා නිවසේදි මිය ගිය හැවිරිදි ඉෂාලිනි ජූඩ් දැරියගේ දේහය ත්රිපුද්ගල අධිකරණ වෛද්ය විශේෂඥයින් ඉදිරියේදි අද පෙරවරුවේ යළි ගොඩගත්තේය මුද්රා තබා තිබු ඉෂාලිනිගේ දේහය විවෘත කර පවුලේ සාමාජිකයින්ට දේහය හඳුනා ගැනීමට මෙහිදි,0,105
1122,1.42E+18,7/30/2021 15:26,Crime,මහින්දට මරණ තර්ජන,0,32
1124,1.42E+18,7/30/2021 15:19,Crime,ආසාදිත මරණ,0,837
1126,1.42E+18,7/30/2021 15:06,Other,අද දිනයේ වාර්තා වූ සමස්ත කොවිඩ් අසාදිතයින් සංඛ්යාව ඊයේ දිනයේ සිදුවූ කොවිඩ් ආසාදිත මරණ වාර්තා වී ඇත මෙරට සමස්ත කොවිඩ් මරණ ගණන සක්රිය කොවිඩ් ආසාදිතයින් සංඛ්යාව වසංගත රෝග විද්යා ඒකකය සඳහන් කර සිටින්නේ,20,2875
1130,1.42E+18,7/30/2021 15:04,Other,කොවිඩ් මරණ ඊයේ සිදුවූ කොවිඩ් මරණ සෞඛ්ය සේවා අධ්යක්ෂ ජනරාල්වරයා අද දින තහවුරු කර තිබේ විස්තර,9,110509
1132,1.42E+18,7/30/2021 14:50,Crime,ඉෂාලිනිගේ පශ්චා මරණ පරීක්ෂණය හෙට රිෂාඩ් බදියුදීන් මන්ත්රිවරයා නිවසේදි මිය ගිය හැවිරිදි ඉෂාලිනි ජූඩ් දැරියගේ දේහය ත්රිපුද්ගල අධිකරණ වෛද්ය විශේෂඥයින් ඉදිරියේදි අද පෙරවරුවේ යළි ගොඩගත්තේය විස්තර,12,110509
1142,1.42E+18,7/30/2021 14:27,Crime,මරණ තර්ජනයක් මහින්ද ජයසිංහ හෙළිකරයි වීඩියෝ සහිතයි,1,289
1146,1.42E+18,7/30/2021 14:18,Other,ඇමරිකාවේ ඉදිරියේදී නැවත විශාල කොවිඩ් මරණ ප්රමාණය වාර්තා වෙන්න පුළුවන් එන්නතේ ප්ර,1,317
1152,1.42E+18,7/30/2021 9:01,Other,ගාල්ල දිස්ත්රික්කයේ නිවෙස්වලදී මරණ කෝවිඩ් ආසාදිත තහවුරුවීමේ ප්රවණතා යළි වී තිබෙන නිවෙස්වල මියයන පුද්ගලයන් සෑම කෙනෙකු සිරුරු පීසීආර් පක්ෂණ යොමු කළ යුතුයැයි රුහුණ විශ්වවිද්යාලයේ අධිකරණ වෛද්ය විද්යා අංශයේ ජ්යෙෂ්ඨ කථ,1,6740
1154,1.42E+18,7/30/2021 8:22,Other,කොවිඩ් මරණ මසක ත් වාර්තා වියහැකි සෞඛ්ය අංශවල අනතුරු ඇඟවීම විස්තර,11,110509
1156,1.42E+18,7/30/2021 8:17,Crime,ඉෂාලිනීගේ සිරුර දෙවන පශ්චා මරණ පරික්ෂණය පේරාදෙණි ශික්ෂණ රෝහලට,0,8026
1160,1.42E+18,7/30/2021 6:54,Other,මෙරට සමස්ත කොරෝනා ආසාදිතයින් තුන්ලක්ෂය ඉක්මවා යද්දී මෙරට සමස්ත කොවිඩ් මරණ සංඛ්යාව ඉහළට දින වාර්තා වූ කොවිඩ් ආසාදිතයින් ගණන යි අලුත අවුරුදු පොකුරෙන් යි විදේශයන් පැමිණ නිරෝධායනයට වෙමින් සිටින යි,0,472
1162,1.42E+18,7/30/2021 6:43,Crime,දෙවන පශ්චා මරණ පරීක්ෂණය ඉෂාලිනීගේ දේහය පේරාදෙණි,0,2025
1164,1.42E+18,7/30/2021 6:20,Crime,හිශාලිනීගේ මරණ වාර්තාව විකෘති කරලා මුස්ලිම් දොස්තර දුන්න තීන්දුව නැවත වරක් මරණ පරීක,2,745
1166,1.42E+18,7/30/2021 6:04,Crime,හිටපු අමාත්ය රිෂාඩ් බදියුදීන්ගේ කොළඹ නිවසක මෙහෙකාර සේවයේ යෙදි සිටියදී පිලිස්සී මිය ගිය ඉෂාලිනි ජුඩ් දැරියගේ සිරුර නැවත පශ්චා මරණ පරික්ෂණය සදහා ගොඩ ගැනීමේ කටයුතු ආරම්භ වේ,0,583
1168,1.42E+18,7/30/2021 6:02,Crime,හිටපු අමාත්ය රිෂාඩ් බදියුදීන් මහතාගේ නිවසේදී පිළිස්සී මිය ගිය හැවිරිදි දැරියගේ මිහිදන් කළ සිරුර දෙවන පශ්චා මරණ පරීක්ෂණය ගොඩගැනීම අද සිදුවිය අධිකරණ නියෝග හැටන් ඩයගම වත්තේ බටහිර කොටසේ පිහිටි පොදු සුසාන භුමියේ මිහිදන් කර තිබු සිරුර ගො,1,6740
1170,1.42E+18,7/30/2021 4:37,Other,කොවිඩ් සමාජගත නොවූ මෙරට සමස්ත මරණ සංඛ්යාව ඉහලට,0,201
1172,1.42E+18,7/30/2021 4:34,Crime,ඉශාලිනිගේ සිරුර ගොඩ ගනී මරණ පරීක්ෂණය දේහය පේරාදෙණි ශික්ෂණ රෝහලට,1,591
1176,1.42E+18,7/30/2021 3:03,Crime,ඉෂාලිනී දැරියගේ මරණය මරණ පරීක්ෂණයක්,1,235
1178,1.42E+18,7/30/2021 2:47,Other,ඊයෙත් මරණ හැටගානක් නේද හ්ම් හ්ම් හෙළුවෙන්ම කරපල්ලකෝ,1,202
1180,1.42E+18,7/29/2021 18:40,Other,බ්රහස්පතින්දා ආසාදිතයින් මරණ බ්රහස්පතින්දා ආසාදිතයින් මරණ,1,6740
1182,1.42E+18,7/29/2021 16:26,Other,කොවිඩ් ඉදිරියේ එන්නත්කරණය සාර්ථකයි මරණ ආසාදිතයින් එන්නත නොලත් පිරිසෙන්,0,1258
1184,1.42E+18,7/29/2021 16:10,Other,කොම්රේඩ්ස්ලාගේ කොම්පැනියට කන්ට්රෑක් එකට කතා උන ගානටත් බෝනස් එකකුත් හම්බුවෙයි වගේ මරණ පැනලා යනවා ගොවියෝ ගුරුවරු පාරට බස්සන එකේ රිසලට්ස් තමයි එන්නේ බෝනස් එක කරගන්න පුලුවන් යූනියන් එකක දෙකක මිනිස්සු පාරට බස්සන්න කිව්වානම්,3,47
1186,1.42E+18,7/29/2021 16:04,Other,කොරෝනා මරණ අද ආසාදිතයන්,1,28580
1188,1.42E+18,7/29/2021 15:29,Other,ක්රිකට් උණුසුම මැද අමතක කරන්න එපා මිලියන කට එක මාත්රාව හෝ ලබා දීල අද කොරෝනා මරණ ආර්ථිකය රැකෙන්නත් ජීවත් වෙන්න ඕනෙ කියලා ගානෙන් මරණ බාගයක්වත් එන්න කලින් රට වහන් ඉල්ලපු අපි අද වෙඩින් සමරන ලොකු අවමගුල් තියනවා උද්ඝෝෂණ කරනවා ඔය තුන පාලනය නොකරොත්,90,2305
1190,1.42E+18,7/29/2021 15:23,Other,ටික වුනොත් අපි මරණ සංඛ්යාව අවසානය දාහට වටයන්න ගන්නවා සුනාමි මලා යුද්ද,1,1438
1194,1.42E+18,7/29/2021 15:18,Other,සමස්ත කොවිඩ් මරණ පහක් හයක් මැරෙනකොට දැනුන හැඟී දැනෙන්න නේද දවසින් දවස අපි මරණෙත් සාමාන්යකරණය වෙලා,9,2167
1198,1.42E+18,7/29/2021 15:16,Other,වගේ මැටි අල තවම තියෙනවා ආසාදිතයෝ ලක්ෂ පැන්නා විතර මරණ දවසට කට මැරෙන කව,0,889
1202,1.42E+18,7/29/2021 15:00,Other,කොවිඩ් මරණ අද දිනය කොවිඩ් මරණ සෞඛ්ය සේවා අධ්යක්ෂ ජනරාල්වරයා තහවුරු කර තිබේ විස්තර,5,110509
1212,1.42E+18,7/29/2021 14:47,Other,ඊය කිව්වා මරණ අද දවස් දෙකට ඉස්සරනම් උන්නා එකතුව උනාම බලපු කෙනෙක්,5,1675
1214,1.42E+18,7/29/2021 14:43,Other,ඊයේ දිනයේ සිදුවූ කොවිඩ් ආසාදිත මරණ වාර්තා වී සෞඛ්ය සේවා අධ්යක්ෂක ජනරාල්වරයා තහවුරු කර සිටියි මෙරට සමස්ත කොවිඩ් ආසාදිත මරණ සංඛ්යාව ඉහළට,17,2875
1218,1.42E+18,7/29/2021 13:27,Other,දෙනෙක් සුවය ලබයි මෙරට කොරෝනා ආසාදිතව සුවය ලැබූ පුද්ගලයින් සංඛ්යාව ඊයේ දෙනෙකු හඳුනා ගැනේ අලුත අවුරුදු පොකුර බන්ධනාගාර පොකුර විදේශයන් පැමිණි ප්රතිකාර ලබන රෝගීන් සුවය ලැබූ මරණ,0,1277
1220,1.42E+18,7/29/2021 12:22,Other,මරණ දඬුවම දෙන්න තරම් සුදුසු අන්තවාදීන්ටත් නිදහස ඉල්ලන තරම් සංහිඳියා ඔඩුදුවලා හමාරයි,28,833
1222,1.42E+18,7/29/2021 12:07,Other,පුස් රාටින් කියන විදියට කොරෝනා මරණ වැඩිවෙන්නෙ ගුරුවරු උද්ඝෝෂණ නිසාලු තාම සමාජ ව්යාප්තියක්වත් තියෙනව කියලා ප්රකාශ කරගන්න බැරි වුන සෞඛ්ය අමාත්යාංශේ දුර්වලතාවය කියලා මෙයා පේන්නේ නැත්තේ,1,77
1226,1.42E+18,7/29/2021 10:59,Crime,බදියුදීන් බිරිද මෙහෙකාර දැරියන් මුහුණ වැසිකිලි ඔබලා නිවසේ අබිරහස් මරණ දෙකක්,1,1018
1228,1.42E+18,7/29/2021 10:45,Other,ඔය ඉල්ලීම ඉල්ලන් මාස දෙකක් හිටියා කොරෝනා වලින් මරණ අඩු කරගන්න පුලුවන් මෙතන යන්නෙ එකක් ඒකට ගුරුවරු අහු වෙලා හෙද සෙට් එකත් ඔහොම ඉල්ලුව එයාල දුන්නම අය ඉල්ලල උද්ඝෝෂණ වැඩවර්ජන ගත්තා මෙයාලට දුන්නත් එච්චරම තමයි අය ඉල්ලයි,3,2305
1230,1.42E+18,7/29/2021 10:18,Crime,ඉෂාලිනිගේ දේහය දෙවන මරණ පරීක්ෂණය පේරාදෙණි ශික්ෂණ රෝහලේ පැවැත්වී නියෝගය,0,35
1234,1.42E+18,7/29/2021 9:22,Crime,මැරෙන්න එකෙක්ට මැරෙන්න එකෙක් කළ ලොව පළමු මරණ තර්ජන,3,546
1236,1.42E+18,7/29/2021 9:11,Other,ඊයේ මරණ යි ආසාදිතයෝ ආසන්නයි ස්ටාලීන් ඔබත් රටත් විනාශ කරමින් සිටියි,0,2
1238,1.42E+18,7/29/2021 9:01,Crime,ඉෂාලිනිගේ සිරුර දෙවන පශ්චා මරණ පරීක්ෂණය පේරාදෙණි ශික්ෂණ රෝහල රැගෙන නියෝගය,1,877
1248,1.42E+18,7/29/2021 4:40,Other,දොස්තරලා ගෙදරට වෙලා ඉන්න ස්ටාලින් ප්රමුඛ ගුරැවරැ පාරට බැස සෞඛ්ය රීති කඩා උද්ඝෝෂණ කරමු මරණ වැඩියි දිනකදි එල ස්ටාලින් එල,12,47598
1252,1.42E+18,7/29/2021 4:27,Other,මෙරට කොවිඩ් ආසාදිතයින් මරණ නැවත දිනෙන දින ඉහලට,0,201
1260,1.42E+18,7/29/2021 2:50,Other,මෙරට කොරෝනා වෛරස අසුබ ආරංචිය,22,120164
1262,1.42E+18,7/29/2021 2:09,Other,දෛනික කොවිඩ් මරණ සංඛ්යාව ඉහළ යයි ඊයේ ශ්රී ලංකා ලෝකය ආසියාව,0,1631
1264,1.42E+18,7/29/2021 2:09,Other,කොවිඩ් මරණ තහවුරු කරයි,0,837
1268,1.42E+18,7/28/2021 22:00,Other,ඉෂාලිනිගේ දෙවන පශ්චා මරණ පරීක්ෂණය විශේෂඥ වෛද්ය කණ්ඩායමක්,1,1975
1274,1.42E+18,7/28/2021 18:13,Other,සෞඛ්ය සේවා අධ්යක්ෂ ජනරාල්වරයා ඊයේ මරණ වාර්තාකර තිබේ තහවුරු කරන ලද මරණ අතුරින් දෙනෙකු පිරිමි පුද්ගලයින් ඉතිරි දෙනා කාන්තාවන් වේ මියගිය පුද්ගලයින් අතරින් එක් අයෙකු වයස අවුරුදු අඩු වයස් සීමාවේ පසු වූ මරණකරුවෙක,0,6740
1278,1.42E+18,7/28/2021 16:11,Other,අද දිනයේ හඳුනාගත සමස්ත කොවිඩ් ආසාදිතයින් ගණන සක්රිය සිටින කොවිඩ් ආසාදිතයින් සංඛ්යාව ඊයේ දිනයේ කොවිඩ් මරණ වාර්තා වී තිබෙනව සමස්ත මරණ සංඛ්යාව ඉහල ගොස් තිබෙනව,27,2875
1280,1.42E+18,7/28/2021 15:48,Other,දිනක් කොවිඩ් මරණ,7,1007
1284,1.42E+18,7/28/2021 15:37,Other,ඊයේ වූ කොරෝනා මරණ සංඛ්යාව,0,35
1286,1.42E+18,7/28/2021 15:34,Other,වෛද්ය පද්මා ගුණරත්න පුරෝකථනය කළ හතරවන රැල්ල ආරම්භයද අද කොවිඩ් මරණ ඉන් ක්ම වයස ජ්යෙෂ්ඨ පුරවැසියන්,0,3245
1288,1.42E+18,7/28/2021 15:30,Other,කොවිඩ් මරණ කොවිඩ් මරණ සෞඛ්ය සේවා අධ්යක්ෂ ජනරාල්වරයා තහවුරු කර තිබේ විස්තර,6,110509
1290,1.42E+18,7/27/2021 6:51,Crime,ඉෂාලිනිගේ මරණ පරීක්ෂණයට දේශපාලන බලපෑම්,0,704
1296,1.42E+18,7/27/2021 2:09,Crime,දියණියගේ මරණ පරීක්ෂණය කලේ මුස්ලිම් දොස්තර කෙනෙක් පැමිණිල්ල ලිවුවේ මුස්ලිම් පොලිස් නිලධාරියෙක් කිසිවක් පිලිගන්න බෑ දැරියගේ මව,0,1631
1300,1.42E+18,7/27/2021 1:27,Other,පිරිතෙන් ප්රතිපල ලැබීම එය පුද්ගලයෙකු සජ්ජායනය කිරීම වැදගත්ය එහි ප්රතිපල ල,1,317
1302,1.42E+18,7/27/2021 1:06,Crime,රිෂාඩ් බදියුදීන් හිටපු අමාත්යවරයාගේ නිවසේ ගිනි ඇවිලීමකින් මරණයට පත් තම දියණියගේ මරණ පරීක්ෂණය සිදුකර ඇත්තේ මුස්ලිම් ජාතික වෛද්යවරයෙකු බොරැල්ල පොලිසියේදී අදාල පැමිණිල්ල ලිවුවේ මුස්ලිම් පොලිස් නිලධාරියෙක් වාර්තා පිළිගත නොහැකි මියගිය දැරියගේ මව සඳහන් කරයි,0,830
