ID,User,CREATED_AT,LABEL,stemming_words
2,1.41E+18,7/11/2021 9:59,Crime,අන්තර්ජාල ඔස්සේ අළෙවි වූ බාලවයස්කාර දැරිය අපයෝජන කිරීමේ සිද්ධිය සම්බන්ධ පොලිස් ක්රීඩා කොට්ඨාසයේ උප පොලිස් පරීක්ෂකවරයකු රජයේ ප්රධාන පෙළේ බැංකුවක හිටපු කළමණාකාරවරයකු ළමා කාන්තා කාර්යාංශ අද අත්අඩංගුව ගනු ලැබ තිබේ
4,1.41E+18,7/11/2021 9:14,Sport,ක්රීඩා අමාත්යාංශයෙන් බොක්සිං මිලියන
6,1.41E+18,7/11/2021 9:13,Sport,මේසපන්දුව දියුණු කරන්නට ක්රීඩා අමාත්යංශය ගිවිසුම්ගත වෙයි
8,1.41E+18,7/11/2021 6:39,Sport,පී සරවනමුත්තු කුසලා අන්තර්සමාජ පළමු ඛාණ්ඩ ශූරයන් වූ සිංහල ක්රීඩා සමාජ පිල ශ්රී ලංකව විවිධ අවධි වල නියෝජන කල ක්රීඩකයන් රැසක් සිටින එවක ශ්රී ලංකා නායක අර්ජුන රණතුංග සාමාන් ක්රීඩකයෙක් වසරේදී ක්රීඩා සමාජයට ක්රීඩා කර ඇත
10,1.41E+18,7/11/2021 6:11,Politics,ක්රීඩා ඇමැතිතුමා තවම හරි අය හරි තැන්වල දාගෙන සුනිල ගුණවර්ධන
12,1.41E+18,7/11/2021 4:02,Entertainment,වේලු ක්රීඩකයෙකු චරිතය නිරූපණ කරන අහිංසක ගමේ ගැහැනු ළමයෙකු බේරා ගැනීමේ ඔහුගේ උත්සා
14,1.41E+18,7/10/2021 20:50,Sport,කෙසේ වෙතත් ඔවුන් වාර්ථාගත තරග කාණ්ඩ යටතේ ක්රීඩා ස්ථාන කදී පැවැත් වීමට සියලුම කටයුතු සූදානම් කර ඇත
16,1.41E+18,7/10/2021 16:24,Other,ඒක කරන්නේ නාමල් ඊලග කැම්පේන් එකට නාමල්ව තමයි ප්රොමෝට් කරන්නේ නැත්නම් ක්රීඩා ඇමති
18,1.41E+18,7/10/2021 16:11,Sport,ක්රීඩා ඇමති පාර්ලිමේන්තුවේදී කිව්ව ක්රීඩකයන් යොදා ගත්ත සිම්බාබ්වේ වලට
20,1.41E+18,7/10/2021 10:04,Sport,ඉන්දියාව ක්රිකට් තරඟ ක්රීඩා කිරීමට සිටි ශ්රී ලංකා ජෛව තාක්ෂණික බුබුලේ සිටි සඳුන් වීරක්කොඩි හට කොරෝනා ආසාදන වී තිබෙනව ඔහු සඳහන් කලේ වනවිට ඔහු කණ්ඩායමෙ වෙන්ව තැබීමට බලධාරී ක්රියාකර බව
22,1.41E+18,7/10/2021 7:32,Sport,ඉන්දියාව ක්රිකට් තරඟ ක්රීඩා කිරීමට සිටි ශ්රී ලංකා සංචිත ක්රීඩකයෙකු කොරෝනා
24,1.42E+18,7/14/2021 11:14,Politics,කබඩි ක්රීඩාවේ අභිවෘද්ධිය ක්රීඩා අමාත්යංශය සිය ඉහළ කාර්ය සාධන ගිවිසුම අමාත්ය මහතාගේ ප්රධානත්වය ශ්රී ලංකා කබඩි සම්මේලන සමගි අද දින ක්රීඩා සංවර්ධන දෙපාර්තමේන්තුවේ ගෘහස්ත ක්රීඩාගාරයේ අත්සන තැබුනා ජයගම
26,1.42E+18,7/14/2021 10:45,Sport,ජාත්යන්තර කබඩි තරඟාවලි පවත්වන මධ්යස්ථානයක් ශ්රී ලංකා පත් කරනවා ක්රීඩා ඇමති
28,1.42E+18,7/14/2021 8:42,Sport,ක්රීඩා සංගමයක සම්මේලන ලියාපදිංචිය තාවකාලික අත්හිටුවයි
30,1.42E+18,7/14/2021 7:31,Sport,ක්රීඩා සංගම් සම්මේලන ලියාපදිංචිය අත්හිටුවයි
32,1.42E+18,7/14/2021 7:28,Sport,ක්රීඩා සංගම් සම්මේලන ලියාපදිංචිය අත්හිටුවයි
34,1.42E+18,7/14/2021 7:27,Sport,ක්රීඩා සංගමයක සම්මේලන ලියාපදිංචිය තාවකාලික අත්හිටුවීම ක්රීඩා අමාත්ය වරයා ගැසට් නිවේදනයක් නිකුත් කර ඇත
36,1.42E+18,7/14/2021 7:23,Sport,ක්රීඩා සංගම් සම්මේලන ලියාපදිංචිය තාවකාලික අත්හිටුවයි
38,1.42E+18,7/14/2021 7:11,Sport,ක්රීඩා සංගමයක සම්මේලන ලියාපදිංචිය අත්හිටුවමින් අතිවිශේෂ ගැසට් නිවේදනයක්
40,1.42E+18,7/14/2021 7:04,Politics,ජනාධිපති ගෝඨාභය රාජපක්ෂ මහතා අද ශ්රී ලංකා ක්රිකට් ප්රධානීන් හමුවී නියමිතය සාකච්ඡාවට ක්රිකට් කමිටුවේ සහභාගිත්ව ලැබෙන ක්රීඩා අමාත්ය නාමල් රාජපක්ෂ මහතා පැවසීය පාසල් මට්ටමේ ජාතික මට්ටම ක්රිකට් ක්රීඩාව දියුණු කිරීම
42,1.42E+18,7/14/2021 6:40,Politics,ක්රීඩා සංගම් සම්මේලන ලියාපදිංචිය අත්හිටුවමින් අතිවිශේෂ ගැසට් නිවේදනයක්
44,1.42E+18,7/14/2021 6:23,Sport,ක්රීඩා සංගම් සම්මේලන ලියාපදිංචිය තාවකාලික අත්හිටුවයි අද
46,1.41E+18,7/13/2021 15:18,Politics,ආණ්ඩුවේ කිසිම බෙදී නැහැ ක්රීඩා ඇමති නාමල් රාජපක්ෂ
48,1.41E+18,7/11/2021 11:40,Entertainment,ඒක අපෙ විනෝදාස්වාද වෙන්නත් පුළුවන් එතකොට අපි හඩ නගන්න එකෙක්
50,1.42E+18,7/14/2021 6:44,Entertainment,සම්මානනීය චිත්රපට අධ්යක්ෂිකා කලා කීර්ති සුමිත්රා පීරිස් මහත්මිය තරුණ අවධියේ ඇය ගැහැණු ළමයි චිත්රපට අධ්යක්ෂණය කරමින් සිනමා අධ්යක්ෂණයට පිවිසි වසරේ ලන්ඩන් සිනමා උළලේ හොඳම චිත්රපට එය විය ඇය ගම්පෙරළිය චිත්රපටයේ සංස්කාරකවරිය ලෙසද කටයුතු කලාය
52,1.41E+18,7/10/2021 15:38,Entertainment,චිත්රපට ඇත්තට බ්ලැක් විඩෝ එහෙම නැත්නම් අපි කවුරු හදුනන නටාෂා රොමනෝෆ් අතීත නැවත ඇය ගැටීම සැගවී තිබූ රහස් කීපයක් හෙලිදරව් වේ ඇගේ ජිවිතයට තර්ජනයක් එල්ල කරන රහස් මොනවා
54,1.41E+18,7/8/2021 18:12,Entertainment,ඔබ පිදෙන අපගේ දෙවන කෙටි චිත්රපට සංඛාරා නුදුරේදී නරබන්න ඔබත් සූදානම් වන්න
56,1.42E+18,7/14/2021 11:38,Other,දේශපාලන වගකීම පුරවැසි වගකීම
58,1.42E+18,7/14/2021 10:42,Other,දේශපාලන සිරකරු නිදහස් කිරීම ඉල්ලීම කිහිපයක් මුල් කරගනිමින් සති අන්තයේ යාපනයේදී පැවැත්වු විරෝධතාවයකටත් පොලිස් බාධා
60,1.42E+18,7/14/2021 10:35,Other,සුනන්ද දේශප්රියගේ පරම්පරාවේ ගොඩක් අය පිටරට ගිහින් අපේ රට කයිවාරැ ගහන්නේ රටේ ඉන්නකම් දේශපාලන වහල්කම් කරලා දේශපාලන ගැටුම් හදාගෙන පුද්ගලික අැරියස් බවවත් අඩුගානේ මිනිස්සු දන්නවනම්
62,1.42E+18,7/14/2021 9:59,Other,අනික පැති වලත් ඔහොම තමයි ඉවසල ඉන්න ඕනි දේශපාලන හයියක් හරි නිලධාරී හයියක් හරි නැතිනම්
64,1.42E+18,7/14/2021 9:35,Other,ලංකාවේ ඉන්න තමයි ආස මොකද දේශපාලන රිලා නැටුම් ටික බලල අනාගතයේ හාමතේ මැරිල යන්න
66,1.42E+18,7/14/2021 9:10,Other,අහ් පාරම්පරික දේශපාලන පවුලක අර මං කිව්ව එක වෙන්නත් බෑ එහෙනම්
68,1.42E+18,7/14/2021 8:55,Other,අර තාත්තගේ වයසටත් දේශපාලන අත්දැකීම් බහුල පුතෙක් ඉන්න පවුල නේද
70,1.42E+18,7/14/2021 8:47,Other,පාරම්පරික දේශපාලන පවුලක මතක්වෙනවා ඔහොම අවස්ථාවකි බාල වයස්කාර කෙල්ලක් ගේට ගත්ත
72,1.42E+18,7/14/2021 7:44,Other,ලංකාවේ ඉදන් ගොඩ යන්න බැරිනම් රටකදි කොහොමවත් බෑ ලංකාවේ එකම ප්රශ්නය දේශපාලනය දේ
74,1.42E+18,7/14/2021 6:27,Other,පැටිකිරිය ඛල්ලෙක් ගන්න ගිය පැටිකිරිය බලන රටක නායකයෙක් තෝරන්නත් පැටිකිරිය ටික හොයල බලමුද උස සිංහලයා පෙනී සිටිමින් රට ජාතිය සළුපිළි වලින් විලි වසා ගනිමින් පාච රණවකගේ දේශපාලන මග
76,1.42E+18,7/14/2021 5:20,Other,දවස් මන්ත්රී වරු දෙන ගෙන සොයා බලමු තුළින් ඔබත් අදහස් කියන්න මන්ත්රී තුමා අධ්යාපන සුදුසුකම් පසු විපරම් සියලුදේ කියන්න හෝරා චණ්ඩියක් නෝන්ඩික් දේශපාලන ආරම්භය වත් හැමදෙයක්ම ලියන්න අද අපි පටන්ගන්නේ සංජීව එදිරිමාන්න
78,1.42E+18,7/14/2021 4:53,Other,දවස් මන්ත්රී වරු දෙන ගෙන සොයා බලමු තුළින් ඔබත් අදහස් කියන්න මන්ත්රී තුමා අධ්යාපන සුදුසුකම් පසු විපරම් සියලුදේ කියන්න හෝරා චණ්ඩියක් නෝන්ඩික් දේශපාලන ආරම්භය වත් හැමදෙයක්ම ලියන්න අද අපි පටන්ගන්නේ සංජීව එදිරිමාන්න
80,1.42E+18,7/14/2021 2:03,Other,ගිණිගත් නැවේ දත්ත මැකෙයි තරම් කුමන්ත්රණ වෙනකොට ඒවා රටේ මිනිස්සු හෝ මාද්ය විස්වාස කරන්න තරම් හරකුන්ද දේශපාලකයෝ ජනතාව හරකුන් යයි සිතා සිටීමේ ප්රතිපල තමයි අවසාන පක්ෂ දේශපාලන පරාජය
82,1.42E+18,7/14/2021 1:02,Other,ලංකාවේ බහුතර දේශපාලන හාමුදුරුවෝ අවංකද සීල්වත්ද සමහර දේශපාලන හාමුදුරුවෝ බණ කියන්න මු
84,1.42E+18,7/14/2021 1:02,Other,ලංකාවේ බහුතර දේශපාලන හාමුදුරුවෝ අවංකද සීල්වත්ද සමහර දේශපාලන හාමුදුරුවෝ බණ කියන්න මුදල් අය කරනවා නේද ඔය සීල් රෙදි පොරවාගෙන කතා කරන අය බහුතර කරන්න තියෙන පව් ඔක්කොම කරන තිරිසන් විය නොහැකිද පක්ෂවහලුන් තමන්ගේ අය ශුද්ධ කරනවා නේද ගිනි නොමැතිව දුම් තිබේද
86,1.41E+18,7/13/2021 16:36,Other,මම් ඔය සීන් එක දන්නේ නැ මොනවා උනත් මුරලි කියන්නෙ දේශපාලන වහලෙක් එයා සංගා මහේල වග
88,1.41E+18,7/13/2021 15:34,Politics,පුරවැසි දේශපාලන අයිතිය යුතුකම් විවෘත සංවාදය මහින්ද දේශප්රිය හිටපු කොමසාරිස් සභාපති මැතිවරණ කොමිසමේ
90,1.41E+18,7/13/2021 13:06,Politics,සියලුම රාජ්ය සේවකයන්ට එරෙහි දේශපාලන පළිගැනීමට තිත තියන් අගමැති පෙරමුණ ගනියි
92,1.41E+18,7/13/2021 12:50,Politics,ශ්රී ලංකා බොරතෙල් ගෑස් නිෂ්පාදනය කරන රටක් පත් කරන්නට ඔබතුමා ගෙන යනු ලබන අසමසම උත්ස
94,1.41E+18,7/13/2021 12:36,Politics,ශ්රී ලංකා බොරතෙල් ගෑස් නිෂ්පාදනය කරන රටක් පත් කරන්නට ඔබතුමා ගෙන යනු ලබන අසමසම උත්ස
96,1.41E+18,7/13/2021 11:53,Politics,දේශපාලන පළිගැනීම් ලක්වූ රාජ්ය අර්ධ රාජ්ය සේවකයන්ට සහන සැලසී නීති කෙටුම්පත් කරන්
98,1.41E+18,7/13/2021 4:40,Other,ඕකම තියනවා ලක්ෂ වැඩී දේශපාලන විරුවෝ රට කරවපු වෙනස
100,1.41E+18,7/13/2021 1:25,Other,පිටට පේන දෙයට ඇතුලතින් සිදුව දේශපාලන විපර්යාස ජනතාව අවදි ජය වේවා ඇමතිතු
102,1.41E+18,7/12/2021 20:30,Other,පොලීසියේ රාජකාරි කොරන ගමන් දේශපාලන වැඩ කොරන්ට පුලිවන්ද මෙයාලා ජයගම
104,1.41E+18,7/12/2021 19:28,Other,මම හිතන්නේ වැරදීම වෙලා තියෙනවා කොටස අයගේ තියෙන එකේ ඉන්දුනීසියාව කියපු
106,1.41E+18,7/12/2021 17:47,Politics,රතු ඉර කෙලි සාකච්ඡාව මෙහිදී ඔබ පැවසූ සමාජ ආර්ථික දේශපාලන පරිවර්තන පිළිබදව කරුණු වි
108,1.41E+18,7/12/2021 17:34,Other,ජවිපෙ ජාතිවාදය බැහැර කළ ජාතිවාදය කැළණිය නයි මතුවී දියසෙන් කුමරු ආගමන ස
110,1.41E+18,7/12/2021 16:55,Politics,දුමින්ද සිල්වා නැවත දේශපාලන පිටියට අරලිය මැදුර ගොස් අගමැති මහින්ද හමු වෙයි
112,1.41E+18,7/12/2021 15:38,Other,ඔබ දේශපාලන වහලෙක් නොවන්න යහපාලන සමයේ ඔබ පලකරපු ලිපි දෙකක් දමන්න බලන්න
114,1.41E+18,7/12/2021 15:36,Other,නොදන්න කම නෙවෙයි කම්මැලි කම දේශපාලනය මහන්තත්වය ලංකා රජ කරන්නෙ කෝල් එක දුන්නා ගෙනාව
116,1.41E+18,7/12/2021 15:34,Politics,රටේ වසරක කාලය කණ්ඩායම් දෙකක් රට පාලනය කළාට දේශපාලන සංස්කෘතියේ ලොකු වෙනසක සිදුවෙලා නැ ජවිපෙ මාලිමාව බලය ගෙන ඒමේ වැදගත්ම හේතුව දේශපාලන සංස්කෘතියේ ලොකු වෙනසක සිදුවීමයි එය මොහොතේ අත්යවශ්යයි ජයවේවා
118,1.41E+18,7/12/2021 15:31,Politics,ජවිපෙ පෙරටුගාමී කලබලවී තියෙන්න ඔවුන්ගේ කසි කබල් දේශපාලන අවශ්යතා විශ්වවිද්යාල සිසු පරපුර පාවිච්චි කිරීමට අවස්ථාව කොතලාවල විශ්වවිද්යාල හරහා අවහිර නිදහස් අධ්යාපනය රැක ගැනීමට නොවන බැව නොතේරෙන අයත් ඉන්නවාද
120,1.41E+18,7/12/2021 15:28,Other,ඔබ කතාකරන්න එක් පක්ෂයක සම්බන්ධ පුද්ගලයන් මට පක්ෂයක් නැහැ වැරදිනම් වදාපු අම්මත් වැරදි
122,1.41E+18,7/12/2021 15:28,Other,මිනිස්සුන් අභූත චොදනා එල්ල කරන අශිශ්ඨ දේශපාලන නවතා දැමිම අදිකරනයෙ පිහිට පැතිම වරද
128,1.41E+18,7/12/2021 7:47,Other,ගුරුවරු කියන්නේ කාගේ හදවතේ ඉහලම ස්ථානයක ඉන්න පිරිසක් ඒත් වෘතීය සංගම් නායකයින් කියාගනිමින් එක එක දේශපාලන පක්ෂ වලට කඩේ නොමිනිසුන් හදවත් ගෞරවය ටිකෙන් ටික ගිලිහි යන්න ඉඩ ඇතකොවිඩ් වසංගත හමුවේ ඉගෙනගැනීම අඩාල වුන දරුවන් කබලෙන් ලිප ඇද දැමිය හැකිද
130,1.41E+18,7/12/2021 7:08,Politics,පවතින සෞඛ්ය නීති රීති වලට අනුකූලව ඉතාම සීමිත පිරිසක සහභාගිත්ව ශ්රී ලංකා නිදහස් පක්ෂ බටපොල අංක ප්රාදේශීය බලමණ්ඩල ප්රධාන දේශපාලන ක්රියාකාරින් හමුවක් බටපොල කපිල සේනාරත්න මහතාගේ නිවසේදී පසුගියදා පැවැත්වූ අවස්ථා
132,1.41E+18,7/12/2021 6:23,Other,තාත්තා වගේම පුතත් නීතිය නමයි වීරසේකර දොස්තර පුතා නීතී විරෝධී දේශපාලන කටයුතු වල සරත් පවුර නමි දේශපාලන සංවිධානයක් හදල ඡායාරූප
134,1.41E+18,7/12/2021 1:12,Other,නිරෝධානය අඩස්සියේ සිටින වෘත්තීය සමිති දේශපාලන ක්රියාධරයන් නිදහස් කරන්නැයි හෙට මෘගාණ්ඩුවට අභියෝග කරනු ඇත කුල්ල කුජීත හිඟන රෙජීමය හෙට දිනයේ මර්දනය දියත් කරන්නේ එය ඔවුන්ගේ විනාශයේ අගාධය ගැඹුර කරනු නිසැක
136,1.41E+18,7/12/2021 0:33,Politics,ඉතියෝපියා මැතිවරණයේ ජය අග්රාමාත් අබී අහමඩ්ගේ දේශපාලන පක්ෂයට
138,1.41E+18,7/11/2021 17:56,Politics,ඔබට දේශපාලන එපා වෙලා දින කට අඩු කාලයකදී එන මීළඟ ජනාධිපතිවරණ වර්තමානයේ පවතින කිසිඳු දේශපාලන පක්ෂයක හෝ පුද්ගලය සම්බන්ධ නැති මීළඟ ජනාධිපතිවරයා තෝරා ගැනීමට සූදානම් වන්න නැත්නම් ඔබ කැමති රටේ එකට සුදුසුකම් සපුරා ගැනීමට මහන්සි ගන්න
140,1.41E+18,7/11/2021 15:34,Other,මගෙ දේශපාලන දැක්ම හින්දා මාත් එක්ක හිත් අමනාපකම් ඇතිකරගත්ත යාලුවොත් ඉන්න
142,1.41E+18,7/11/2021 14:10,Other,ටියුෂන් වලට දේශපාලන අනුග්රහය ලැබිල ඉවරයි මමත් එදා ඉදන් ඔය කතා කරනවා අපේ දරැවො මම
144,1.41E+18,7/11/2021 13:56,Other,පහත ජායාරූප වල සටහන් වැඩේ සම්පූර්ණයෙන් ආණ්ඩුවේ මඩ බළකා තුප්පැහි අශිෂ්ඨ වැඩකි නිදහස් අධ්යාපනය හඬ නඟන උන් දේශපාලන කඳවුර දේශපාලන මතට හොයන්න නොයා උන් පෙන්වන කාරනා දෙස බලනවා උන්ව දේශද්රෝහි කරන්න වගේ ප්රාථමික බංකොලොත් වැඩ කරන්නෙ ආණ්ඩුව
146,1.41E+18,7/11/2021 13:44,Other,මා ඉපදුණ භූමිය විවේචන නොකරමි කිසි විටෙක භූමිය පාලනය කරන දේශපාලන යින් විවේ
148,1.41E+18,7/11/2021 13:30,Other,ලොකයේ මෙවන් විපතක් සිදුවී තිබෙත්දී උද්ඝෝෂණ වර්ජන කරන එකම රට ලංකාවයි මුන්ගේ තිබෙන කුහකකමයි රට වැට්ටවීමයි කොරෝනා බෝකිරීමයි නීච දේශපාලන කුහකත්වයි සජබ ජේවිපෙ කාරයෝ නරන්නේ ලැජ්ජයි මුන් වගේ පාදඩයන් තමයි ලංකා තාම මෙතන
150,1.41E+18,7/11/2021 11:53,Other,ඔබේ අපේ දේශපාලන කියැවීම අවබෝධය වර්ධන කර ගෙන නිවැරදිව ඉලක්ක ගත කර ගැනීම එක්වන්න හ
154,1.41E+18,7/11/2021 9:27,Politics,ඉතියෝපියා මැතිවරණයේ ජය අග්රාමාත් අබී අහමඩ්ගේ දේශපාලන පක්ෂයට
156,1.41E+18,7/11/2021 8:44,Other,ඇයට ඇය විශ්වාස කරන දේශපාලනක් ඇත එය ඔබ විශ්වාස කරන දේශපාලනය විය යුතුයැයි ඔබ සිතනවානම් ඔ
158,1.41E+18,7/11/2021 8:31,Other,මහජන ජන්දය පත්ව රටෙහි සමාජ දේශපාලන ආර්ථික ප්රශ්ණ සාකච්ඡා කැරෙන විසදුම සකස් කැරෙන පාර්ලිමේන්තුව අද ගාම්බීර ගොඩනැඟිල්ලක පමණි සියලු දේ තනි මිනිසා පවුල් පාලනයට යටත්ය විදෙස්ගත ශ්රී ලාකික එකතුව
160,1.41E+18,7/11/2021 7:08,Crime,දේශපාලන පක්ෂයක සාමාජිකයෙක් අභිරහස් මරුට ඝාතනයක් දැයි සැකය
162,1.41E+18,7/11/2021 7:05,Other,කාටවත් බයියා කියලා කියන්නේ මොකට බයි ටොයි ජෙප්පෝ හැමෝම දේශපාලන වහල්ලුමොකද
164,1.41E+18,7/11/2021 4:54,Politics,ඉතියෝපියා මැතිවරණයෙන් අගමැති අබී අහමඩ්ගේ දේශපාලන පක්ෂයට ජය
166,1.41E+18,7/11/2021 4:09,Other,දැන්ම කරලා දන්න මේකට දේශපාලන පක්ෂ වලට කඩේ උන් එකක් කරන්න හදනවඑපා වෙලා තියෙන්නේ මට අහු
168,1.41E+18,7/11/2021 1:14,Other,අවුරුදු හැත්තෑ තුනක දේශපාලන රැවැටීලිකාර බොරුව ජනතාවගේ මොලය විදහාපාන කැටය පින්තුරයක්ද
170,1.41E+18,7/10/2021 17:37,Other,දේශපාලන උසිගැන්විම් නීති විරෝධී අත් අඩංගුව ගැනීම් ගොනුකර මූලික අයිතිවාසිකම පෙත්සම් වලට ඡායාරූප සාක්ෂි යොදාගත හැකිය
172,1.41E+18,7/10/2021 17:17,Other,පාර්ලිමේන්තුවට යවන්න හොඳ නාකි සෙට් එකක් දේශපාලනය කරන්න හොද ඔය වයසක අම්මටඔය ඇ
174,1.41E+18,7/10/2021 16:19,Other,ප්රජාතන්ත්රවදයේ බලය මානව නිදහස මිලිටරිය හොඳ දේශපාලන බැතිමත් වහල් මානසිකයොන්ට අව
176,1.41E+18,7/10/2021 15:20,Other,මම කියන්නේ ඇන්ටි කරෙත් දේශපාලනය අක්කා කරන්නෙ දේශපාලනය අක්ක ඇන්ටිගේ දේ
178,1.41E+18,7/10/2021 14:20,Other,වඳුරු ලොජික් එක තමයි නංගි මාත් හොයන්නෙ තමන් කැමති දේශපාලන පක්ෂයට කඩේ ගියා
180,1.41E+18,7/10/2021 13:25,Other,හුදු දේශපාලන වාසිය තමයි හැම ආණ්ඩුවක් ක්රියා කරන්නේ ව්යාපාරික සගයන් පින
182,1.41E+18,7/10/2021 13:05,Politics,වර්ෂයේදී රජයේ ආදායම රු බිලියන විය රජය බලය පත් වූ විගස හුදු දේශපාලන වාස
184,1.41E+18,7/10/2021 11:29,Politics,ආන්ඩුව ප්රහාර පරාජය කිරීමේ ශක්යතාවය කම්කරු පන්තියේ ස්වාධීන දේශපාලන වැඩපිලිවෙලක වටා ශිෂ්යයන් තරුනයන් බලමුලු ගැන්වී එරෙහි වැට බැඳී පෙසප ගොඩනගන පෙරමුනේ එල්ලයයි
186,1.41E+18,7/10/2021 9:51,Other,කියන්නේ දේශපාලන මතය බලලද රාජපක්ෂ පාණ්ඩු රටේ නීතිය ක්රියාත්මක කරන්නෙ
188,1.41E+18,7/10/2021 8:16,Politics,වර්ෂයේදී රජයේ ආදායම රු බිලියන විය රජය බලය පත් වූ විගස හුදු දේශපාලන වාසිය සඳ
190,1.41E+18,7/10/2021 7:04,Politics,වසරේදී දේශපාලන රැස්වීමක් අමතන සිරිමා බණ්ඩාරනායක මැතිණිය ඇය තෙවරක් ශ්රී ලංකාවේ අගමැතිධූරය දැරීය කාල වකවානු අතරය
192,1.41E+18,7/10/2021 6:08,Other,ශාසනය ගිය කලක් දේශපාලන ගැවුන තැනක් මගා විනාශයක
194,1.41E+18,7/10/2021 1:49,Politics,කලගුණ අමතක නොකරන නිහතමානී දේශපාලන චරිතය ඔබතුමා
196,1.41E+18,7/9/2021 18:10,Other,සඳුදා පාසල් ගුරුවරු ඔන්ලයින් ඉගැන්වීම අත්හිටුවයි ස්ටාලින් දේශපාලන ශිෂ්ය ක්රියාකාරිකයින් රට පුරා උද්ඝෝෂණ
198,1.41E+18,7/9/2021 16:25,Other,ත්රස්තවාද මුස්ලිම් සංවිධාන ඔය සියලු වලින් එන්නේ දේශපාලන බලය පැහැර ගැනීමේ කුමන්ත්රනයි මීට උදාහරණ ඕනෙ හයිටිය යනු තනිකර දේශපාලන බලය මිනි මරාගන්න කුහක නායකයින් පිරි රටකුයි වගේ කුහකයින්ට මොකට එකේ සහයෝග ලබා දෙන්නේ
200,1.41E+18,7/9/2021 14:17,Other,ලොකුම හේනේ තමයි දේශපාලන පක්ෂ වලට කඩේ චීවරදාරීන් බුද්ධ දර්මය විනාශකරන්නේ කවද හරි ඔය සෙ
202,1.41E+18,7/9/2021 13:24,Other,වෙනසක කරන්න අවකාශ නැත්තෙ එසේ කිරීමේ සක්යතාවය රටේ දේශපාලන අධිකාරිය ආයතන පද්ධති
204,1.41E+18,7/9/2021 13:03,Entertainment,දවස කාලීන දේශපාලන වැඩසටහන
206,1.41E+18,7/9/2021 11:53,Other,සඳුදා පාසල් ගුරුවරු ඔන්ලයින් ඉගැන්වීම අත්හිටුවයි ස්ටාලින් දේශපාලන ශිෂ්ය ක්රියාකාරිකයින් රට පුරා උද්ඝෝෂණ
208,1.41E+18,7/9/2021 11:50,Other,කැමැති දේශපාලන පක්ශෙට බනිනකොට රිදෙන වගේද බනින එකාට ගහන්න හිතෙන තමන්ගේ පක්ශේ කියන දේ විතර හරී වගේ හිතෙනවද උබත් වහලෙක්
210,1.41E+18,7/9/2021 11:32,Politics,අග භාගයේදී ගෝඨාභය රාජපක්ෂ ජනාධිපතිට රට භාර දෙන අවස්ථාවේ එනම වර්ෂයේදී රජයේ ආදායම රුපියල් බිලියන විය රජය බලය පත් වූ විගස හුදු දේශපාලන වාසිය සඳහාත් ඔවුන්ගේ ව්යාපාරික සගයන් පිනවීම සඳහාත් රුපියල් බිලියන එනම සමස්ත ආදායමෙන් තුනෙන් එකක් බදු සහන
212,1.41E+18,7/9/2021 7:30,Politics,නිරෝධායන නීති උල්ලංඝනය කිරීම හේතුවෙ ජෝශල් ස්ටාලින් සමන්ත විද්යාරත්න නාමල් කරුණාරත්න දේශපාලන ක්රියාකාරිකයින් පිරිසක් අත් අඩංගුව ගැනෙයි
214,1.41E+18,7/9/2021 7:09,Politics,මම කෑම වේලකට හතුරෙකුට ආරාධනා කරන්නෙ හතුරෙක් ආරාධනා කරොත් යන්නෙ හැබැයි ඉතිං පුංචි අපේ පෞද්ගලික ජීවිත වගේ නෙවෙයි දේශපාලන ජීවිත වල සදාකාලික හතුරොත් මිතුරොත් ඕවා හොඳ දන්නෙ රනිල් වික්රමසිංහ ලා මහින්ද රාජපක්ෂ ලා තමයි
216,1.41E+18,7/9/2021 7:08,Other,ලංකාවේ පාර්ලිමේන්තුව පලාත සභා ප්රදේශීය සභා ගත්තොත් ඔය ඔක්කොම නියෝජන කරන්නේ පවුල් පවුල් වලින් දේශපාලන උරුම වෙච්ච උන්ම තමාසුද්ද කරන්න කරන්න ඕන පාර්ලිමේන්තුවේ ඉදන් නෙමේ ප්රාදේශීය සභා ඉදන් මිනිස්සුන් සුද්දයක් දාන් වෙනවා
218,1.41E+18,7/9/2021 6:54,Other,මර්දනය හුදෙක් කොවිඩ් වසංගත වූවක් නොවේ රාජපක්ෂ පාලනය ආරම්භයේ සිටම කර ගෙන එනු ලබන ප්රජාතන්ත්ර විරෝධී අත්තනෝමතික දේශපාලන සැලැස්මේ එක් පියවරක් පමණි
220,1.41E+18,7/9/2021 6:08,Other,ඔක්කොම ආයතන වල බලය එක මණ්ඩල දුන්නොත් කොහොමට තියෙයි මණ්ඩලයේ දෙනා ගෙන් දෙනෙක් හමුද නිලධාරීන දෙදෙනෙක් ආරක්ෂක ඇමතිගේ ලේකම්ලා ඉතුරු තුන් දෙනාත් අඩු දේශපාලන පත්වීම් තාම ඉවර තියෙනවා
222,1.41E+18,7/9/2021 5:13,Politics,දේශපාලන අතකොලුඑයාලවත් දන්නැ එයාලව මෙහෙයවන්නෙ කවුද කියල
224,1.41E+18,7/9/2021 5:06,Politics,මේකෙ ගොඩක් ඉන්නෙ දේශපාලන උම්මන්තකයො ඔහේ පාඩම් කරන් ඇවිත කියවනව
226,1.41E+18,7/9/2021 3:49,Other,වැඩ බැරි නන්දේ නාමධාරී ලංකා ඉතිහාසයේ අටර් ෆේල් රජා ගෝඨාභය රාජපක්ෂ රට අතේ සතේ නැති බංකොලොත්භාවයට ඇද දමා තිබිය ඊයේ එක් දිනක් තුල දේශපාලන නායකයන් වෘත්තීය සමිති නායකයන් ක්රියාධරයන් රාශියක අත් අඩංගුව ගනිමින් වියරු රංගනයක ආරම්භ කරනවාත් ගොනා හැරෙන්න පොල් පැලේ
228,1.41E+18,7/9/2021 3:07,Politics,දේශපාලන ගොබ්බයෝ නේ ඉන්නේ හොද දෙයක් කරත් ඒකට විරුද්ධ තමන්ගේ පක්ශේ ගොඩ දාගන්න බැරි හින්දා
230,1.41E+18,7/9/2021 2:30,Politics,කොරල තියෙන හරිය පේනවනේ හැමදාම ඔය බනේ තමයි දේශපාලන චරිත වලට ආදරය කිරීමත් දෙදෙනෙක් ඇතිව
232,1.41E+18,7/9/2021 2:16,Other,වඩිනවා නෙමෙයි වඩ්ඩවනවා ජාතිය ආගම කැක්කුම තියන උන් හර වගෙ උද්ඝෝෂණ කලෙ මිත්රයා මේවා කාලෙන් කාලෙට පක්ෂ වලින් නිර්මාණය කරන දේශපාලන අතකොළු මුං ෆේක් දේශප්රේමියො
234,1.41E+18,7/9/2021 2:14,Other,සියලුම දේශපාලන පක්ෂව මෝඩ තීරණ විවේචන නොකර සුද්ද කරන පක්ෂ වහලුන් සිටින තාක්කල් රට හැදිය නොහැක දැනුත් ට්විටර් අවකාශ ආණ්ඩුව විවේචන කරන ගොඩක් දෙනා රට හිතන අවංක අයවලුන් නොව පක්ෂයක වහලෙක් තත්වය දියුණුයි සම්මත රටවල දකින්න ලැබෙනව අඩුයි
236,1.41E+18,7/9/2021 1:37,Politics,දේශපාලන ක්රියාකාරීන් අත්අඩංගුව ගැනීමට එරෙහි එජාප නඩු මඟ
238,1.41E+18,7/9/2021 1:05,Politics,උද්ඝෝෂණකරුවන් අත්අඩංගුව ගැනීමට එරෙහි පියවර ගන්න
240,1.41E+18,7/9/2021 1:04,Other,ශ්රීමත් ජෝන් කොතලාවල ආරක්ෂක විශ්වවිද්යාල ලොව කීර්තිමත් ආරක්ෂක අභ්යාස විද්යාලයක
242,1.41E+18,7/9/2021 0:22,Other,පොහොට්ටු පක්ෂයේ කඩේ දේශපාලන හාමුදුරුවෝ හට අදාල වෙනවා නේද පක්ෂවහලුන් පුනරුත්ථාප
244,1.41E+18,7/8/2021 18:01,Other,මේව කරගන්න අසද මේක දේශපාලන මගුලක් නෙමෙයි කියවන්න
246,1.41E+18,7/8/2021 17:23,Other,ඔයිට අන්ත කමන්ට් මැසේජ් මට ඇවිත තියෙනවා ෆොටෝස් ශෙයා වුණා කරා කියලා එහෙම
248,1.41E+18,7/8/2021 16:33,Politics,අපි ඉපදුන රටේ මේකෙ ඉන්න දේශපාලන හිඟන්නො තමා අපට වඳයක් උනේ මුන්ට ඕන මේකෙ තියන හැම දෙයක්ම ස
250,1.41E+18,7/8/2021 16:27,Entertainment,නිශ්ශංකගේ ව්යාපාරික ඥාණය වපසරිය සාම්ප්රදායික ව්යාපාරික ක්රමවල ඔබ්බටය ඔහු ව්යාපාරික ක්ෂේත්රයේ මානයන් සොයා සැරි සෑරුවේය ඔහු රටට විදෙස් විනිමය ගෙන උල්පත විය පාහර පාදඩ දේශපාලන ක්රමය උල්පත වසා දමන්න උත්සාහ කළද
252,1.41E+18,7/8/2021 15:10,Other,දේශපාලකයින් පුම්බන්නේ මාධ්යයි දේශපාලන හොරු අවසානෙට බිහි වෙයි
254,1.41E+18,7/8/2021 14:09,Other,දේශපාලන වාසි ජනමාධ්ය ජඩමාධ්ය පරිවර්තන වූවා සේම අපේක්ෂිත වාසි නොලැබෙන කල්හි ජඩමාධ්යයන් ජනමාධ්යයන් පත් වනු ඇත එදින ඔවුන් සුදු රෙදි නිරුවත කර එහි පැල්ලම් වර්ග කර අපට පෙන්නාවි එතෙක් සුදු රෙදි වල ලේ පැල්ලම් ඔබේ ලේ නොවී වගබලා ගන්න
256,1.41E+18,7/8/2021 13:09,Entertainment,දවස කාලීන දේශපාලන වැඩසටහන
258,1.41E+18,7/8/2021 12:45,Politics,කියළ වැඩක් මේව තමයි නියම දේශපාලන ප්රහාර
260,1.41E+18,7/8/2021 11:34,Other,ගුරු නායකයන් දේශපාලන ක්රියාධරයන් නිරෝධා
262,1.41E+18,7/8/2021 10:14,Other,ගොඩ එන රටවල් නෙමේ දේශපාලන ෆෑන් බේස් එක්ක බලද්දි
264,1.41E+18,7/8/2021 9:08,Other,තමන්ගේ ඇමරිකන් පුරවැසිකම ඉවත් නොකොට අපේ රට උගසට තියන් දේශපාලන කරන කෙනා තමන්ගේ දුවත් ඇමරිකන් කාරයෙකුට විවාහ කර දුන් බැසිල් රට හදයි කියලා හිතෙන වාසනාවන් අම්මා පල්ලා
266,1.41E+18,7/8/2021 7:21,Other,දේශපාලන කරන අය ආශ්රය කලාම මෙහෙම බොරු පච කෙප්ප බේගල් කියවෙන
268,1.41E+18,7/8/2021 7:19,Other,රට රකින දේශපාලන බහිරවයන් සිටින සැමදා නිධාන උඩ හිගා කන උතුම් ජාතිය ජයෙන් උදාරයි ඉන්දියන්සාගරයේමුතුඇටය ආසියාවේආශ්චර්ය
270,1.41E+18,7/8/2021 6:31,Politics,ප්රජාතන්ත්රවාදී අයිතීන් මර්දනයට එරෙහි කඩිනමි පෙළගැසෙමු සියලු දේශපාලන පක්ෂ වෘත්තීය සමිති බහුජන සංවිධාන එක් පෙරමුණකට පැමිණ කඩිනම් විරෝධයක පළකිරීම පෙරමුණ ගත යුතු සිවිල් සංවිධාන කියයි
272,1.41E+18,7/8/2021 5:51,Politics,සිරස ශක්ති සියත ආයතන වලට පහර විනාස කරපු කළු ඉතිහාසයත මාධ්ය ආයතන බලපත්ර දේශපාලන අරමුණු ලබාදුන් අහෝසි කළ ඉතිහාසය පාලකවරයා තිබෙනව ඉතිහාසය ආයෙ වෙන්ඩ බැහැ අපි සිරසශක්ති මාධ්ය නිදහස පෙනී සිටිනව
274,1.41E+18,7/8/2021 4:39,Politics,ප්රජාතන්ත්රවාදී රටක දේශපාලන ක්රම දීර්ඝ කාලීන මැසිවිලි තියෙන්න ඔට්ටු
276,1.41E+18,7/8/2021 4:24,Politics,මුදල් ඇමැති බැසිල් දේශපාලන ඉතිහාසය වෙනස් කරයි
278,1.41E+18,7/8/2021 3:01,Politics,දේශපාලන පක්ෂ නිවැරදි දිශාවට ගමන් කරමින් ඓතිහාසික වගකීම් භාර ගත යුතු චීන ජනපති කියයි
280,1.41E+18,7/7/2021 19:40,Politics,එන්න මම ගැටලුව එකම කෙනා සිටිමි මම ශ්රී ලංකාවේ ගෙදර සිටියා මම
282,1.41E+18,7/7/2021 17:02,Other,අපි පෙනුන අපි තියෙන්නේ කනගාටුදායක සෞඛ්ය සේවයක් ලෝකෙම වසංගත දුක් විදිනකොට අපේම
284,1.41E+18,7/7/2021 16:02,Other,රාජ්ය ත්රස්තවාද පරාජය කිරීම සදහා රටේ යුක්තිගරුක පුරවැසියන් දේශපාලන පක්ෂ පාට බේදයකින් තොරව එක්වී ක්රියාකල යුතුයි
286,1.41E+18,7/7/2021 15:55,Politics,යු ඈන් පි එකේ මාතර සංවිධායකයකු ව සිටි ප්රමෝද්ය පොහොට්ටුව පෑන්න පොහොට්
288,1.41E+18,7/7/2021 15:27,Politics,තෙලිකඩ මාජූවාන ප්රාදේශීය බල මණ්ඩලයේ ප්රධාන දේශපාලන ක්රියාකාරින් හිටපු ප්රාදේශීය සභා මන්ත්රී නිහල් වීරසිංහ මහතාගේ නිවසේදී රැස්වූ අවස්ථාව
290,1.41E+18,7/7/2021 14:08,Politics,අඩ සියවස කාලයක් රටේ පාලනය බාර දුන් ආණ්ඩුවල සිදුවී දේවල බුද්ධිය විමසා එළබෙන ඉදිරි මැතිවරණයකදී ප්රධාන ධාරාවේ දේශපාලන පක්ෂ අතරින් බලය නොලැබූ මූලික වූ දේශපාලන ප්රවාහය රාජ්ය බලය ලබා දීම කාලයේ අවශ්යතාවය මගේ හැගීමයි
294,1.41E+18,7/7/2021 13:13,Entertainment,දවස කාලීන දේශපාලන වැඩසටහන
296,1.41E+18,7/7/2021 12:55,Politics,ජවිපෙ ප්රබල දේශපාලන ක්රියාකාරීයෙකු අත්අඩංගුව
298,1.41E+18,7/7/2021 11:08,Politics,චීන කොමියුනිස්ට් පක්ෂයට වසරක් සැපිරීම පැවති ලෝක දේශපාලන පක්ෂ ඔන්ලයින් සමුළුවට අග්රාමාත් මහින්ද රාජපක්ෂ මැතිතුමන් ප්රමුඛ නියෝජිත පිරිසක් ඊයේ අරලියගහ මන්දිරයේ සම්බන්ධ වූ
300,1.41E+18,7/7/2021 11:08,Politics,ජවිපෙ ප්රබල දේශපාලන ක්රියාකාරීයෙකු අත්අඩංගුව
302,1.41E+18,7/7/2021 9:34,Other,එම්එම්ටී න්යාය ඒකනං ඒක නැතිව පෘථග්ජනකායෙ එකෙක්වත් ඔළුවවත් හෙලවන්නෙ නැති එකේ ඒක පුදුමයක
304,1.41E+18,7/7/2021 7:48,Politics,දේශපාලන ජීවිතය මම මඟහැරලා පැනලා ගිහින් ගම්මන්පිල
306,1.41E+18,7/7/2021 7:38,Other,ඔය ගෑණු වලි වලට හොඳ අපි තමයි කළේ දේශපාලන නූල් ඕවා වැඩක් නැති දේවල
308,1.41E+18,7/7/2021 7:23,Other,මනස සහිත දේශපාලන ස්ත්රී කතිකාචාර්ය හෝ මහාචාර්ය පිරිස් පිලිවෙල අහිමි හිස්ටරික ගෑනු සෙක්ස් කිරීමට හෝ ඊට පොලඹා ගැනීමට නොයායුතුයසෙක්ස් හෝ ලව් කලයුත්තේ සුන්දර සාමාන් ස්ත්රී සමගය
310,1.41E+18,7/7/2021 6:46,Other,ඇරලා ආගමික ස්ථාන වැහුවේ දේශපාලන උවමනා
312,1.41E+18,7/7/2021 6:27,Other,දක්ෂ පක්ෂග්රාහී නොවන දේශපාලන නායකත්ව රටක් පාලනය කරන රටට එන ඕනෑම බාධක මැ
314,1.41E+18,7/7/2021 6:09,Other,ප්රජාතන්ත්රවාදී ව්යාපාරය නොකඩවා නායකත්ව සැපයූ දේශපාලනයේ දැවැන්තයෙකු වූ ශ්රී ජයවර්ධනපුර විශ්වවිද්යාලයේ දේශපාලන විද්යා අධ්යයනාංශ ප්රධානී මහාචාර්ය ටෙරන්ස් පුරසිංහයන්ගේ අකල් මරණය අපගේ හෘදයාංගම ශෝක කණගාටුව ප්රකාශ කරමු
316,1.41E+18,7/7/2021 3:17,Other,අපේ මිත්රත්ව සලකල මෙහෙම කරපු රටවල් තියෙනව විශේෂයෙන් අපේ දේශපාලන පක්ෂ ඇගයීම
318,1.41E+18,7/7/2021 2:57,Other,එක දැම්ම දේශපාලන රසකතා මේකෙ එකෙත් බාගෙට බාගයක්ම දේශපාලනය ගැනසමහරක් මේකත් එපා වෙනවා
320,1.41E+18,7/7/2021 2:22,Other,විදෙස් රටක දේශපාලන පක්ෂයක් මෙරට බැංකුව රු පහත සඳහන් කාසිය නිකුත්කරයි ශ්රී ලාංකික පුරවැසියෙකු මාගේ බලවත් විරෝධය
322,1.41E+18,7/7/2021 2:21,Politics,හිටපු ජනපති මෛත්රී ඇමරිකා තානාපති හමුවක් අනතුරුව ශ්රීලනිප හදිසි දේශපාලන මණ්ඩල සාකච්ඡාවක්
324,1.41E+18,7/6/2021 18:56,Other,බයි ටොයි ජෙප්පෝ සියල්ලම වහල්ලු දේශපාලන බැතිමත්තු
326,1.41E+18,7/6/2021 17:29,Politics,මැතිතුමා අද දින ලෝක දේශපාලන පක්ෂ නායක සමුළුවට සහභාගී වුණා අන්තර්ජාල ඔස්සේ සංවිධානය කර තිබූ
330,1.41E+18,7/6/2021 17:06,Politics,ස්වාධීන අපේක්ෂකයොන්ට ජන්දෙ දීල වැඩක් කියල සිරිසේන ඔප්පු කරා දේශපාලන අත්දැකීම් න
332,1.41E+18,7/6/2021 16:55,Other,වාසනාවන් මගේ දරුවෝ දෙන්නගේ අනාගත මම මාර බයෙන් හිටියේ බයත් ගියා ඇමරික
334,1.41E+18,7/6/2021 16:15,Other,විශ්ව විද්යාල ආචාර්යවරයෙක් විද්යාර්ථීන්ට දැනුම බෙදාදීමෙන් නොනැවතී පුරවැසියන් දේශපාලන දැනුමෙන් සන්නද්ධ කිරීමට ඔබ අපමන වෙහෙසක් ගත්තේය අපෙන් සමුගෙන ආචාර් ටෙරන්ස් පුරසිංහ මැතිතුමනි ඔබට නිවන සුව
336,1.41E+18,7/6/2021 16:13,Sport,මම මම් ක්රිකට් සභාපතිකමට අර්ජුන එනවට කැමති මම කැමති රොශාන් මහානාම වගේ කිසිම දේශපාලන ස
338,1.41E+18,7/6/2021 15:24,Other,අපේ රටේ ත්රිවිධ හමුදාව කියන්නේ කාලයේ හිටපු කොළ කොටි කහා බළල්ලු එකී නොකී දේශපාලන මැරයෝ නොවෙයි බටහිර ජාතිකයෝ ලෝකය පෙන්වන්න හදන පැතිකඩ පණක් නැති ආයුධ අතට ගත්තු නුගත්
340,1.41E+18,7/6/2021 15:12,Other,ශ්රී ජයවර්ධනපුර විශ්ව විද්යාලයේ දේශපාලන විද්යාව මහාචාර්ය ටෙරන්ස් පුරසිංහ මහතා අද අභාවප්රාප්ත වී ඇත
342,1.41E+18,7/6/2021 14:29,Other,පරික්ෂණ ප්රමාණය අවම විමේ ප්රතිඵලය දිනෙන දින අඩු කෝවිඩ් ආසාදිතයන් සංඛ්යාව උලුප්පා රටේ කෝවිඩ් තත්වය පාලනය කලාය යන්න දේශපාලකයෙකු ප්රකාශ කරමින් රටේ ජනතාව මුලා කරන්නේ දේශපාලන වාසි ලබාගැනිම තමන්ගේ නොහැකියාව වසාගැනිමට ගන්නා උපක්රම පැහැදිලිය
344,1.41E+18,7/6/2021 14:00,Other,ශ්රී ජයවර්ධන පුර විශ්ව විද්යාලේ දේශපාලන විද්යා අධ්යන අංශයේ මහාචාර්ය ටෙරන්ස් පුරසිංහ මහතා මීට සුළු මොහොතක පෙර අභාවප්රාප්ත වී ඇත
346,1.41E+18,7/6/2021 13:13,Entertainment,කොරෝනා හමුවේ පාසල් අධ්යාපනය කොයිබට දවස කාලීන දේශපාලන වැඩසටහන
348,1.41E+18,7/6/2021 12:43,Other,දේශපාලන මඩ ගොහොරුවේ බැස්සොත් ඉතිං ගා ගන්න මඩ හෝදනව බොරු
352,1.41E+18,7/6/2021 9:59,Other,වීරයන් හිස් පඹයන් හෝ හිස් පඹයන් වීරයන් පරිවර්තන කිරීමට අවශ්ය වන්නේ එක් දේශපාලන වේදිකාවක ජයගැනීම පමණි
354,1.41E+18,7/6/2021 8:50,Entertainment,දේශපාලන අර්බුදය රාජපක්ෂ වරුන් ශ්රී ලංකාවේ අනාගත
356,1.41E+18,7/6/2021 4:30,Politics,වෘත්තිය සමිති නැත්නම් කම්කරු වන්ගේ ශ්රමය පාලකයින් සුරා කන්න බලනවාවිශේෂයෙන්ම ප
358,1.42E+18,7/14/2021 1:35,Entertainment,අතීත මතක වසර කට පෙර එළිමහන් සංගීත ප්රසංගයක් සම්බන්ධ පෝස්ටර
360,1.41E+18,7/12/2021 14:27,Entertainment,දින තුන හතරේ දානෙ නැතිව ඉඳල තියෙනවාමම ඒදවස් වල සංගීත කණ්ඩාය
362,1.41E+18,7/11/2021 15:48,Entertainment,ක්ම අපේ වගේ සාහිත්ය චිත්රපට සංගීත වේදිකා නාට්ය කලාවේන් අන්ද ඌ සමාජයක ආදරය ප්ර
364,1.41E+18,7/10/2021 11:48,Entertainment,සිනමාපටයේ පළමු පූර්ව ප්රචාරක පෝස්ටර මීට සුලු මොහොතක පෙර අන්තර්ජාල නිකුත් කළා අධ්යක්ශණය කරන සිනමාපටයට රංගනයෙන් එක්වී සිටී සංගීත අධ්යක්ෂණය විසිනි
366,1.41E+18,7/8/2021 9:02,Entertainment,සංගීත වීඩියෝව සහභාගි කොරියා මාධ්ය වාර්තා කරයි හෝ ඔවුන්ගේ ආයතනය මඟින් නොවන සංගීත වීඩියෝවක පෙනී සිටින පළමු අවස්ථාව මෙය වේ
368,1.41E+18,7/8/2021 6:31,Other,සංගීත පුටු තරගේ
370,1.41E+18,7/7/2021 6:44,Entertainment,පිනවන්ට සව ඇසුවන්ගේ සොඳින් සංගීත සිංහලද්වීපේ මා වාගෙ උගත කාලෙ අයෙක නැත ඊට දුර්ජනා කෝපේ මෝඩකමක් ඇද්ද රටේ මා එක්ක ඇය් කෝපේ ඇන්නෑ ඊර්ෂ්යා මුන්ගේ මෝඩකම් පේනා ඇහනෙසිංදු නූර්තිගී
371,1.42E+18,7/17/2021 7:34,Other,සන්ධ්යාගේ මතක සත්ය යුක්තිය සිය ආදරණීය බලහත්කාරි අතුරුදහන් කිරීමට ලක් වූ මිනිසුන් වේදනාව අපිරිමිතයි ඔවුන් සෑම දිනකම හුස්ම ගන්නේ තම ආදරණීයයා කොහේ කෙසේ සිටිනවාදැයි තැවෙමින්
373,1.42E+18,7/17/2021 3:30,Entertainment,ලෝක හදුනාගත පියාසර වස්තූන් දිනය ලෝක චොකලට් දිනය ලෝක ජනගහන දිනය ලෝක යොවුන් හැක
375,1.42E+18,7/17/2021 2:45,Entertainment,ජාත්යන්තර යුක්තිය ලෝක දිනය සෑම වසරකම ජූලි දින සමරනු ලබන්නේ ජාත්යන්තර යුක්තිය ශක්තිමත් කිරීමේ ක්රමය හඳුනා ගැනීම වින්දිතයින්ගේ අයිතිවාසිකම ප්රවර්ධන කිරීම ජාත්යන්තර අපරාධ යුක්තිය දිනය ලෙසද මෙය හැදින්වේ෴
377,1.42E+18,7/16/2021 2:48,Other,කියන ආචාර් මහාචාර්යවරු කතා කරන්නෙ අධිකරණයෙ විභාග නඩුවක් උසාවියෙන් ඇප නොදී ඉන්න ත්රස්තවාදී චෝදනා තියෙන දෙන්නෙ උවමනාවම පාස්කු ප්රහාරයේ වින්දිත යුක්තිය ඉටු කරන්න තිබ්බා
379,1.42E+18,7/15/2021 4:46,Politics,වැදගත් කාරණා සහා පෙහෙලිකා කෝ පිලිතුර නැති වු ජිවිත සදහා යුක්තිය ගෙන එමට පොරොන්දු වු විරුවානනි ඔබ නිහඩ
381,1.42E+18,7/14/2021 12:52,Politics,පාස්කු ප්රහාරයට යුක්තිය ඉටු වෙල නැද්ද අඩේ මම හිතුවෙ සේරම ඉවර කරලා තමා රට හදන ගමන යන්නෙ කියලා ශී ශී වැඩේ කැතයි ස
383,1.42E+18,7/14/2021 12:52,Politics,පාස්කු ප්රහාරයට යුක්තිය ඉටු වෙල නැද්ද අඩේ මම හිතුවෙ සේරම ඉවර කරලා තමා රට හදන ගමන
385,1.41E+18,7/13/2021 14:52,Other,යුක්තිය ඉටුකිරීම කඩිනම් කරන ඉල්ලා ජනපතිට පිටු ලිපි
387,1.41E+18,7/13/2021 13:27,Politics,පාස්කු ප්රහාරය යුක්තිය ඉටුකිරීම කඩිනම් කරන ඉල්ලා ජනපතිට ලිපි පාස්කු ප්රහාරය ජාතික කතෝලික ප්රකාශක කමිටු පිටු කින් සමන්විත ලිපි අද ජනාධිපති ගෝඨාභය රාජපක්ෂ මහතා විස්තර
389,1.41E+18,7/11/2021 17:09,Other,කෙනෙක් කෙනෙක් මරන්න පෙළඹෙන්නෙ එක්කො පළිගැනීමක හෝ දඬුවමක් තමන් හරියි කියලා හිතන යුක්තිය සාධාරණත්වය ඉෂ්ඨ කරන්න එහෙම නැත්නම් තමාට අනාගතයේදී කෙනාගෙන් එල්ල විය හැකි තර්ජනයකින් බේරෙන්න පෙර සූදානමක
391,1.41E+18,7/11/2021 15:17,Crime,තිදරු මව සහේට ගෙන දියණියන් දෙදෙනෙකු අපයෝජන කරලා වසර කට පසු යුක්තිය ඉෂ්ඨ වේ ළමා නිවාසයේ සිටි එක් දැරියක නීතිඥවරියක
393,1.41E+18,7/11/2021 15:17,Crime,තිදරු මව සහේට ගෙන දියණියන් දෙදෙනෙකු අපයෝජන කරලා වසර කට පසු යුක්තිය ඉෂ්ඨ වේ ළමා නිවාසයේ සිටි එක් දැරියක නීතිඥවරියක
395,1.41E+18,7/11/2021 14:45,Crime,තිදරු මව සහේට ගෙන දියණියන් දෙදෙනෙකු අපයෝජන කරලා වසර කට පසු යුක්තිය ඉෂ්ඨ වේ ළමා නිවාසයේ සිටි එක් දැරියක නීතිඥවරියක
397,1.42E+18,7/16/2021 13:10,Other,සෞඛ්ය මාර්ගෝපදේශයන්ට ඔට්ටු ඇල්ලීම ස්ථාන විවෘත කිරීමට ශාලාවන් සංගීත සංදර්ශන අවසර
399,1.42E+18,7/16/2021 12:49,Entertainment,සංගීත යාගේ දොස් පැවරීමේ ආහාරය පැහැදිලිව විස්තර කර එය ඔහුට ගැලපේ හරි ගිම්හාන කෑගැසීම මගේ කන්වල පාට පාට පතුලේ චලන වීමට ගත්තේ එලෙසිනි එය පැවසීමෙන් ධාවනය කිරීමෙන් පසු එය අසම්පූර්ණ විය
401,1.42E+18,7/16/2021 8:12,Other,ඔක්කොම ඉවරයි කියලා හිතල අපි විනෝද වෙමු සංගීත සංදර්ශනයක් එහෙම දාල
403,1.42E+18,7/16/2021 7:08,Entertainment,සංචරණ සීම ලිහිල් කිරම සෞඛ්ය මාර්ගෝපදේශ මාලාවක සෞඛ්ය සේවා අධ්යක්ෂ ජනරාල්වරයා නිකුත් කර තිබේ ශාලාවේ ධාරිතාවෙන් අසුන් සීමාවන් යටත්ව අද දිනයේ ක්රියාත්මක ශාලාවන් සංගීත සංදර්ශන පැවැත්වී අවසර ලබාදී තිබේ කෙසේ නමු
405,1.42E+18,7/16/2021 6:07,Entertainment,අද දිනයේ ක්රියාත්මක ශාලාවන් සංගීත සංදර්ශන පැවැත්වී අවසර ලබාදී තිබෙනව ශාලාවේ ධාරිතාවෙන් අසුන් සීමාවන් යටත්වයි කෙසේ එළිමහන් සැණකෙළි සංදර්ශන පැවැත්වී අවසර ලබාදී නොමැති බව සෞඛ්ය සේවා අධ්යක්ෂ
407,1.42E+18,7/16/2021 5:36,Entertainment,සෞඛ්ය මාර්ගෝපදේශ ගෘහස්ථ සංගීත සංදර්ශන පමණක අවසර ශාලා අසුන් ධාරිතාවෙන් එළිමහන් අවසර නැත නවාතැන් ස්ථාන බෝඩි නිවාස විවෘත කිරීමට අවසර ඔට්ටු ඇල්ලීම ස්ථාන විවෘත කිරීමට අවසර සත්ව උද්යාන වනජීවි උද්යාන විවෘත කිරීමට අවසර
409,1.42E+18,7/16/2021 5:28,Entertainment,ක්ෂේත්ර රැසක සීම ලිහිල් කෙරේ ගෘහස්ථ සංගීත සංදර්ශන අවස්ථාව
411,1.42E+18,7/16/2021 5:13,Entertainment,සීමාවන් යටත්ව සංගීත සංදර්ශන අවසර විස්තර
413,1.42E+18,7/16/2021 4:43,Entertainment,ගෘහස්ථ සංගීත සංදර්ශන කිහිපයක අද අවසර
415,1.42E+18,7/14/2021 1:35,Entertainment,අතීත මතක වසර කට පෙර එළිමහන් සංගීත ප්රසංගයක් සම්බන්ධ පෝස්ටර
417,1.41E+18,7/12/2021 14:27,Entertainment,දින තුන හතරේ දානෙ නැතිව ඉඳල තියෙනවාමම ඒදවස් වල සංගීත කණ්ඩාය
419,1.41E+18,7/11/2021 15:48,Entertainment,ක්ම අපේ වගේ සාහිත්ය චිත්රපට සංගීත වේදිකා නාට්ය කලාවේන් අන්ද ඌ සමාජයක ආදරය ප්ර
421,1.41E+18,7/10/2021 11:48,Entertainment,සිනමාපටයේ පළමු පූර්ව ප්රචාරක පෝස්ටර මීට සුලු මොහොතක පෙර අන්තර්ජාල නිකුත් කළා අධ්යක්ශණය කරන සිනමාපටයට රංගනයෙන් එක්වී සිටී සංගීත අධ්යක්ෂණය විසිනි
423,1.42E+18,7/17/2021 5:47,Politics,කොවිඩ් මර්දනයට එන්නත්කරණය ඇතුළුව රජය ගෙනයන වැඩපිළිවෙළ කොතලාවල ආරක්ෂක විශ්වවිද්යාල පනත සම්බන්ධ ජනාධිපති ගෝඨාභය රාජපක්ෂ මැතිතුමා සංඝරත්න දැනුවත කළේය ජනවාරි මස දින ඇස්ට්රාසෙනිකා පළමු එන්නත තොග ලැබීමේ ලද සියලුම එන්නත ල
425,1.42E+18,7/16/2021 15:25,Politics,ජනාධිපති ගෝඨාභය රාජපක්ශ මහතා
427,1.42E+18,7/16/2021 13:37,Politics,රෝගාබාධයන්ට ලක්ව නිවෙස්වලින් බැහැරවිය නොහැකි අය ජංගම එන්නත්කරණ සේවාවක කඩිනමි ආරම්භ කරන ජනාධිපති ගෝඨාභය රාජපක්ෂ මැතිතුමා නිලධාරීන්ට උපදෙස දෙයි
429,1.42E+18,7/16/2021 10:55,Politics,ජංගම එන්නත්කරණ සේවාවක අවශ්යයි ජනපති කොවිඩ් මර්දන එන්නත්කරණය ජංගම එන්නත්කරණ සේවාවක කඩිනමි ආරම්භ කරන ජනාධිපති ගෝඨාභය රාජපක්ෂ මහතා සෞඛ්ය නිලධාරීන්ට උපදෙස තිබේ විස්තර
431,1.42E+18,7/16/2021 10:28,Politics,ආණ්ඩුවේ මර්දනයට එරෙහි වෘත්තිය සමිති බහු ජන සංවිධාන එකමුතුව දියත් කළ විරෝධතාවය අසලින් ජනාධිපති ගෝඨාභය රාජපක්ෂ ගමන් කළ
433,1.42E+18,7/16/2021 8:42,Politics,සමහර අයට තරහ ගෝඨාභය ජනාධිපතිතුමාගේ වචන පෙළක ශවේන්ද්ර වැඩේ පොඩ්ඩක් බලන්න ටික කිව්වම සමහරක් ගෙ කටින් ලෝකෙ නැති කුනුහරප එලිය එනව
435,1.42E+18,7/16/2021 2:54,Politics,අධ්යාපන ප්රතිසංස්කරණ එරෙහි උද්ඝෝෂණ නිරතවන්නන් කළ යුත්ත වර්තමාන ගැළපෙන අධ්යාපන ක්රමවේද ඉදිරිපත් කිරීම දේශපාලන අභිමතාර්ථ පෙනී සිටීම නො ජනාධිපති ගෝඨාභය රාජපක්ෂ මහතා පවසයි
437,1.42E+18,7/15/2021 16:14,Politics,අධ්යාපන ප්රතිසංස්කරණ එරෙහි උද්ඝෝෂණ නිරතවන්නන් කළ යුත්ත වර්තමාන ගැළපෙන අධ්යාපන ක්රමවේද ඉදිරිපත් කිරීම දේශපාලන අභිමතාර්ථ පෙනී සිටීම නො ජනාධිපති ගෝඨාභය රාජපක්ෂ මහතා පවසයි
439,1.42E+18,7/14/2021 17:20,Politics,ගෝඨාභය රාජපක්ෂ වගේ නායකයෙක් රටේ ජනාධිපති වෙලා හිටියනම් අද රවීලා අස්සෙ බැංකු මංකොල්ල
441,1.42E+18,7/14/2021 16:49,Politics,ජනාධිපති නීතීඥ සංජීව ජයවර්ධන ශ්රී ලංකා බැංකුවේ මුදල් මණ්ඩල යළි පාර්ලිමේන්තු සභාවේ අනුමැති ඇතිව අතිගරු ජනාධිපති ගෝඨාභය රාජපක්ෂ මහතා ජනාධිපති නීතීඥ සංජීව ජයවර්ධන මහතා ජූනි දා වසර ධුර කාලයක් ශ්රී ලංකා
443,1.42E+18,7/14/2021 16:30,Politics,උද්ඝෝෂණ වර්ජන පාගා ගැහිලි අමතර දීමනා ඉල්ලීම හමුදාව වැඩේ හරිය කරන දන්නා තමයි ගෝඨාභය ජනාධිපතිතුමා හමුදාව වැඩේ කරන්න කියලා උපදෙස දුන්නේ
445,1.42E+18,7/14/2021 14:52,Politics,ගෝඨාභය ජනාධිපති වු දවසේ ඉදන් එතුමා කරපු කිසිම වැඩක් මට එතරම්ම පැහැදීම වුනෙ නැහැ වස විසෙන් තොර කාබනික ගොවිතැන නිරෝගීමත් රටක් කිරීමට ගෙන වැඩපිළිවෙළ මා අගය කරමි මිනිසුන් වසවිස කවන්න විපක්ෂය මොන උද්ඝෝෂණ කරත් ජනාධිපතිතුමාට මෙය සාර්ථක කර ගැනීමට මා ආශිර්වාද කරමි
447,1.42E+18,7/14/2021 14:24,Politics,පුදුම වෙන්න ඕනි අනුර කුමාර දිසානායක වැක්සින් එක අරං ඒකෙ ඡායාරූපය සමාජ මාධ්යයට දාපු එකට නෙවෙයි ගෝඨාභය මහින්ද ලා එහෙම ඡායාරූපයක් නොදාපු එකට හිතන ඇත්තො ඔය එන්නත වෙනකන් අරගෙන කියලා
449,1.42E+18,7/14/2021 13:04,Politics,ජනාධිපති නීතිඥවරු ජනාධිපති ගෝඨාභය රාජපක්ෂ මහතා නීතිපති දෙපාර්තමේන්තුවේ අතිරේක සොලිසිටර් ජනරාල්වරු දෙනෙකු ජනාධිපති නීතිඥවරු පත්කර තිබේ විස්තර
451,1.42E+18,7/14/2021 12:04,Politics,ජනාධිපති ගෝඨාභය රාජපක්ෂ අතිරේක සොලිසිටර් ජෙනරාල්වරුන් දෙනෙකුට දුන්න පත්වීම්
453,1.42E+18,7/14/2021 10:30,Sport,ජනපති ශ්රී ලංකා ක්රිකට් නිලධාරීන හමුව කල්යයි ජනාධිපති ගෝඨාභය රාජපක්ෂ මහතා මෙරට ක්රිකට් බලධාරී අද පැවැත්වී නියමිතව තිබූ සාකච්ඡාව කල්දමා වාර්තා වේ විස්තර
455,1.42E+18,7/14/2021 8:08,Politics,ගෝඨාභය ආගමන අසාර්ථකවී පිටුපස නිර්ප්රභූන් ආචාර් ප්රදීප වීරසිංහ
457,1.42E+18,7/14/2021 7:04,Sport,ජනාධිපති ගෝඨාභය රාජපක්ෂ මහතා අද ශ්රී ලංකා ක්රිකට් ප්රධානීන් හමුවී නියමිතය සාකච්ඡාවට ක්රිකට් කමිටුවේ සහභාගිත්ව ලැබෙන ක්රීඩා අමාත්ය නාමල් රාජපක්ෂ මහතා පැවසීය පාසල් මට්ටමේ ජාතික මට්ටම ක්රිකට් ක්රීඩාව දියුණු කිරීම
459,1.41E+18,7/13/2021 15:49,Crime,විකෘති ප්රවෘත්ති පලකරමින් සිටී ෆැක්ට් ක්රෙසෙන්ඩෝ යනු පොදු ජන පෙරමුණේ හෙංචයියෙකුද ගෝඨාභය ජනාධිපතිවීමට පෙර ඔහුගේ මාධ්ය ප්රකාශකය ක්රියා කළ මිලින්ද රාජපක්ෂ මෙහෙයවනු ලබන්නකි ෆැක්ට් චෙක් කිරීම තොරතුරු වල නිරවද්යතාව සොයා බැලීම කරන්නේ
461,1.41E+18,7/13/2021 14:23,Politics,ශ්රී ලංකා නිදහස් පක්ෂය ජනාධිපති ගෝඨාභය රාජපක්ෂ මහතා හමුවී සාකච්ඡා කිරීමෙන් පසු ශ්රී ලංකා පොදුජන පෙරමුණේ ජාතික සංවිධායක මුදල් අමාත්ය බැසිල් රාජපක්ෂ මහතාව හමුවී සාකච්ඡා කිරීමට බලාපොරොත්තු නිදහස් පක්ෂයේ ලේකම් බතික් අත්යන්ත්ර රෙදි
463,1.41E+18,7/12/2021 17:31,Politics,කොළඹ කොටස් වෙළෙඳපොළ ඩිජිටල්කරණ දෙවන අදියර ජනාධිපති ගෝඨාභය රාජපක්ෂ මහතාගේ ප්රධානත්වය ජනාධිපති කාර්යාලයේ ඉකුත් දා ආරම්භ කෙරිණ ශ්රී ලංකා සුරැකුම්පත් විනිමය කොමිෂන් සභාව කොළඹ කොටස් හුවමාරුව ශ්රී ලංකාවේ ප්රාග්ධන වෙළෙඳපොළ ඩිජිටල්කරණ
465,1.41E+18,7/12/2021 14:21,Politics,බොරැල්ල පිහිටි බන්ධනාගාර සංකීර්ණය ප්රතිස්ථාපිත කිරීමට යෝජිත හොරණ මිල්ලෑව වතු යායට අයත් භූමිය දා පස්වරුවේ ජනාධිපති ගෝඨාභය රාජපක්ෂ මැතිතුමාගේ නිරීක්ෂණයට ලක් කෙරිණ
467,1.41E+18,7/12/2021 13:35,Politics,ගෝඨාභය ජනපති කාලය අවසන්වෙනකොට නැවත ඉල්ල ගන්නවලු කිව්වා අවුල නැහැ
471,1.41E+18,7/12/2021 10:20,Other,නිකන් හිතන් මහින්ද රනිල් සිරිසේන හරි ගෝඨාභය වගේ නමක් දැම්මනම් අවුරුදු හතරකටපහකට සැරයක් බ
473,1.41E+18,7/12/2021 8:10,Politics,ජීඑල් පීරිස් සීයා ගෝඨාභය මාමා අමුතු ලිපියකින් ඔන්ලයින් වර්ජන ඇරඹෙයි
475,1.41E+18,7/12/2021 6:56,Politics,ජීඑල් පීරිස් සීයා ගෝඨාභය මාමා අමුතු ලිපියකින් ඔන්ලයින් වර්ජන ඇරඹෙයි
477,1.41E+18,7/12/2021 6:45,Other,යුද්ධ කාලේම මියගියා එහෙම කියලා රට ලොක්ඩවුන් කළේ කොරෝනා තිබුනම රට වහන් පුලුවන් ගෝඨාභය රාජපක්ෂ
479,1.41E+18,7/11/2021 23:14,Other,ගෝඨාභය සාටකේ අදින්නෙ නැත්තේ
481,1.41E+18,7/11/2021 19:15,Other,අර ගෝඨාභය එක රටක් එක නීතිය ගැනත් වගේම කරලා දාපන්කෝ මොකද මිනි
483,1.41E+18,7/11/2021 13:29,Politics,මහින්ද ගෝඨාභය බැසිල්
485,1.41E+18,7/11/2021 12:50,Politics,ගෝඨාභය දන්නේ එපමණයි
487,1.41E+18,7/11/2021 9:50,Politics,නිදහස් පක්ෂය ජනපති සාකච්ඡාවක සැලසුම් ශ්රී ලංකා නිදහස් පක්ෂය ජනාධිපති ගෝඨාභය රාජපක්ෂ මහතා සාකච්ඡාවක් එළඹෙන වැනිදා පවත්වන නිදහස් පක්ෂ ලේකම් රාජ්ය අමාත්ය දයාසිරි ජයසේකර මහතා පවසයි විස්තර
489,1.41E+18,7/11/2021 5:42,Politics,අපි ගෝඨාභය ජනාධිපති ගෙනාවේ රට හදන්න ජනාධිපති ගෝඨාභය බැසිල් ගෙනාවේ රට විකුණන් මේවා දැකල නෑෑ නෑෑෑ කියලා අපට ඔරවන උන් ටික දවසක බලපල්ලකෝ නැද්ද කියලා
493,1.41E+18,7/11/2021 2:27,Politics,ගෝඨාභය පාලනය හිස මුදුණින් මොහොතේ ආරක්ෂා කරන කෙනෙකු සොයාගැනීම කළුනික සොයනවාටත් දුෂ්කර කාර්යය පත්වීමෙනි ගෝඨාභය ආරක්ෂාව අද ඉදිරියෙන් පෙනී සිටින්නේ රෝහිත මහින්දානන්ද ජොන්ස්ටන් පරණ වියතුන් පමණි නාථ දෙවිය වියත්භාවය ලබාගත් චන්න ප්රභේද පමණි
495,1.41E+18,7/11/2021 2:25,Politics,ගෝඨාභය නඩු ගණනාවක් තිබුණි බැසිල් රාජපක්ෂට යෝෂිත රාජපක්ෂට ශිරන්ති රාජපක්ෂට නඩුහබ තිබුණි ඊළඟ ලලිත් වීරතුංග අනූෂ පැල්පිට රාජ්ය නිලධාරීන්ගේ ජොන්ස්ටන් ප්රනාන්ද පිල්ලෙයාන් දේශපාලනඥ නිදොස් කොට නිදහස් කරන නඩු දුසිම් ගණන් තිබුණි
501,1.41E+18,7/10/2021 14:38,Politics,පොල් පැළ ලක්ෂ සිටුවීමේ දොරින් දොරට කප්රුක ජාතික වැඩසටහන අද පෙරවරුවේ ජනාධිපති ගෝඨාභය රාජපක්ෂ මැතිතුමාගේ සහභාගීත්ව හලාවත වැවිලි සමාගමට අයත් දංකොටුව බුජ්ජම්පොළ වැලිකැටිය වතු යායේ ආරම්භ කෙරිණ වැඩසටහන ගෙඩි මිලියන වාර
503,1.41E+18,7/10/2021 13:41,Politics,ආණ්ඩුවෙ සිදුව කියන කෙණෙහිලිකම් සම්බන්ධ ජනාධිපති ගෝඨාභය රාජපක්ෂ මහතා හමුවී සාකච්ඡා කිරීමට ශ්රී ලංකා නිදහස් පක්ෂය තීරණය කර ඇත ජනාධිපතිවරයා ශ්රී ලංකා නිදහස් පක්ෂයේ නායකයින් තීරණාත්මක හමුවක් ලබන වැනිදා ජනාධිපති කාර්යාලයේදී
507,1.41E+18,7/10/2021 13:30,Politics,අනාගතේ දවසක කියයි ගෝඨාභය ජනාධිපතිතුමාට පිං සිද්ධවෙන්න අපි ජීවත් වෙලා ඉන්න කියලා
509,1.41E+18,7/10/2021 11:38,Politics,ජපාන ආරක්ෂක ඇමතිවරයා ජපාන ශ්රීලංකා ආරක්ශක සහයෝගීතාවය කරගැනීම ශ්රී ලංකා ජනාධිපති ආරක්ශක අමාත්ය ගෝඨාභය රාජපක්ෂ මහතා වීඩියෝ සාකච්ඡාවක් පවත්වා ඇත
511,1.41E+18,7/10/2021 9:23,Politics,රටේ ජනතාව කවදා හරි කියයි ගෝඨාභය ජනාධිපතිතුමා නිසයි අපි ජීවත්වෙන්නේ කියලා රාජ්ය අමාත්ය ජානක වක්කුඹුර
513,1.41E+18,7/10/2021 9:11,Politics,ගෝඨාභය බලය පත් කිරීමේ අරමුණු ඉටු වුණේ රාජ්ය ඇමැති දයාසිරි
515,1.41E+18,7/10/2021 8:15,Politics,දොරින් දොරට කප්රුක ජාතික වැඩසටහන ජනපති ප්රධානත්වය ඇරඹේ සෞභාග්යය දැක්ම දොරින් දොරට කප්රුක ජාතික වැඩසටහන යටතේ දිවයින පුරා පොල් පැළ ලක්ෂ සිටුවීමේ සමාරම්භක උත්සවය ජනාධිපති ගෝඨාභය රාජපක්ෂ මහතාගේ ප්රධානත්වය අද ආරම්භ කෙරුණි විස්තර
517,1.41E+18,7/10/2021 7:34,Politics,ඔහු මුදල් ඇමති නෙවි ගෝඨාභය මහතාටත් ඉහලින් ඉන්න ජනාධිපති ගෝඨාභය කියන්නේ
519,1.41E+18,7/10/2021 6:40,Politics,අනාගතේ ජනතාව කියාවි ගෝඨාභය ජනාධිපතිතුමාට පින්සිද්ධවෙන්න ජීවත්වෙලා ඉන්නේ කියලා
521,1.41E+18,7/10/2021 1:27,Politics,බන්ධනාගාර සංකිර්ණ භූමිය ජනපතිගේ නිරීක්ෂණයට බොරැල්ල පිහිටි බන්ධනාගාර සංකීර්ණය ප්රතිස්ථාපිත කිරීමට යෝජිත හොරණ මිල්ලෑව වතු යායට අයත් භූමිය ජනාධිපති ගෝඨාභය රාජපක්ෂ මහතා නිරීක්ෂණ කර තිබේ විස්තර
523,1.41E+18,7/9/2021 11:55,Politics,ගෝඨාභය මහත්තය කලිසම මහන්න කලින් සරම ගලවගෙන ඉන්නෙ ගෝඨාභය මහත්තය කලිසම මහන්න කලින් සරම ගලවගෙන ඉන්නෙ පොහොර ප්රශ්ණ ටිල්වින් ආණ්ඩුවට රිදෙන්න කියයි
525,1.41E+18,7/9/2021 11:32,Politics,අග භාගයේදී ගෝඨාභය රාජපක්ෂ ජනාධිපතිට රට භාර දෙන අවස්ථාවේ එනම වර්ෂයේදී රජයේ ආදායම රුපියල් බිලියන විය රජය බලය පත් වූ විගස හුදු දේශපාලන වාසිය සඳහාත් ඔවුන්ගේ ව්යාපාරික සගයන් පිනවීම සඳහාත් රුපියල් බිලියන එනම සමස්ත ආදායමෙන් තුනෙන් එකක් බදු සහන
527,1.41E+18,7/9/2021 7:30,Politics,පොහොට්ටු පාක්ශිකයො කියන්නෙ යුද්ධ අවසන් කළේ ගෝඨාභය රාජපක්ෂ කියල ආර්ථිකය ශක්තිමත් කළේ බැසිල් රාජපක්ෂ කියල එහෙම බලනකොට මහින්ද රාජපක්ෂ මොනවත්ම කරල නෑනෙ
529,1.41E+18,7/9/2021 3:49,Politics,වැඩ බැරි නන්දේ නාමධාරී ලංකා ඉතිහාසයේ අටර් ෆේල් රජා ගෝඨාභය රාජපක්ෂ රට අතේ සතේ නැති බංකොලොත්භාවයට ඇද දමා තිබිය ඊයේ එක් දිනක් තුල දේශපාලන නායකයන් වෘත්තීය සමිති නායකයන් ක්රියාධරයන් රාශියක අත් අඩංගුව ගනිමින් වියරු රංගනයක ආරම්භ කරනවාත් ගොනා හැරෙන්න පොල් පැලේ
531,1.41E+18,7/9/2021 3:24,Politics,ආර්ථික ප්රතිපත්ති සැලසුම් ක්රියාත්මක කිරීමේ අමාත්යංශයේ මුදල් අමාත්යංශයේ ආයතනික නෛතික රාමුව පිළිබ සංශෝධන ඇතුලත් ගැසට් නිවේදනයක් ජනාධිපති ගෝඨාභය රාජපක්ෂ නිකුත් කර තිබෙනව
533,1.41E+18,7/9/2021 2:42,Politics,රට හිතපු මධ්යස්ථ දරපු විතරද මහින්ද ගෙ පාලනයට කළකිරිල හිටි අය හිතුවේ ගෝඨ
