,ID,FULL TEXT,CREATED AT,LIKE COUNT,FOLLOWERS COUNT,RETWEET COUNT,POLITICS,CRIME,ENTERTAINMENT,SPORT,OTHER
35,1.43513E+18,‡∂¥‡∑ê‡∂ª‡∑è‡∂Ω‡∑í‡∂∏‡∑ä‡∂¥‡∑í‡∂ö‡∑ä ‡∂¥‡∂Ø‡∂ö‡∑ä‡∂ö‡∂∏‡∑ä ‡∂ú‡∂≠‡∑ä‡∂≠‡∑î ‡∂Ø‡∑ô‡∂±‡∑ä‡∂±‡∂ß ‡∂¢‡∂¥‡∂±‡∑ô‡∂±‡∑ä ‡∑Ä‡∑è‡∑Ñ‡∂± ‡∂Ø‡∑ô‡∂ö‡∂ö‡∑ä ‡∂Ø‡∑î‡∂±‡∑ä‡∂±. ‡∂ú‡∂±‡∂±‡∑ä ‡∂â‡∂≠‡∑í‡∂±‡∑ä ‡∂Ö‡∂©‡∑î‡∂∫‡∑í ‡∂±‡∑ô‡∑Ñ‡∑ä ‡∂∏‡∑ô‡∑Ñ‡∑ô ‡∂ö‡∑ú‡∑Ñ‡∑ú‡∂∏‡∂≠‡∑ä.. ‡∂Ω‡∂Ç‡∂ö‡∑è‡∑Ä‡∂ß ‡∂ú‡∑ö‡∂Ø‡∑ä‡∂Ø‡∑í ‡∂ß‡∑ê‡∂ö‡∑ä‡∑É‡∑ä ‡∂ú‡∑Ñ‡∂∫‡∑í‡∂Ø ‡∂Ø‡∂±‡∑ä‡∂±‡∑ö.. ‡∂ë‡∑Ñ‡∑ô‡∂∏ ‡∂ã‡∂±‡∑ú‡∂≠‡∑ä ‡∂ö‡∑ä‚Äç‡∂ª‡∑ì‡∂©‡∑è ‡∂Ö‡∂∏‡∑è‡∂≠‡∑ä‚Äç‡∂∫‡∂Ç‡∑Å‡∂∫‡∑ô‡∂±‡∑ä ‡∂Ø‡∑ô‡∂± ‡∑É‡∂Ω‡∑ä‡∂Ω‡∑í ‡∂ß‡∑í‡∂ö‡∑ô‡∂±‡∑ä ‡∂∂‡∑è‡∂ú‡∂∫‡∂ö‡∑ä ‡∑Ä‡∂ú‡∑ö ‡∂∫‡∂±‡∑Ä ‡∂ß‡∑ê‡∂ö‡∑ä‡∑É‡∑ä ‡∂ú‡∑ô‡∑Ä‡∂±‡∑ä‡∂± ü§∑üèΩ‚Äç‚ôÇÔ∏èü§¶üèΩ‚Äç‚ôÇÔ∏è,9/7/2021 6:55,39,4175,4,0,1,0,1,1
,,,,,,,,,,,
36,1.43513E+18,"‡∂¥‡∑ê‡∂ª‡∑è‡∂Ω‡∑í‡∂∏‡∑ä‡∂¥‡∑í‡∂ö‡∑ä ‡∂ö‡∑ä‚Äç‡∂ª‡∑ì‡∂©‡∑è ‡∂ã‡∑Ö‡∑ô‡∂Ω‡∑ö‡∂Ø‡∑ì ‡∂∏‡∑Ä‡∑ä‡∂∂‡∑í‡∂∏‡∂ß ‡∂¢‡∂∫‡∂ú‡∑ä‚Äç‡∂ª‡∑Ñ‡∂´ ‡∂ú‡∑ô‡∂±‡∑è ‡∂ö‡∑ä‚Äç‡∂ª‡∑ì‡∂©‡∂ö‡∂∫‡∑í‡∂±‡∑ä‡∂ß ‡∂∏‡∑î‡∂Ø‡∂Ω‡∑ä ‡∂≠‡∑ä‚Äç‡∂∫‡∑è‡∂ú

2020 ‡∂ß‡∑ù‡∂ö‡∑í‡∂∫‡∑ù ‡∂¥‡∑ê‡∂ª‡∑è‡∂Ω‡∑í‡∂∏‡∑ä‡∂¥‡∑í‡∂ö‡∑ä ‡∂ã‡∑Ö‡∑ô‡∂Ω‡∑ö‡∂Ø‡∑ì ‡∂¥‡∂Ø‡∂ö‡∑ä‡∂ö‡∂∏‡∑ä ‡∂Ø‡∑í‡∂±‡∑ñ ‡∂ö‡∑ä‚Äç‡∂ª‡∑ì‡∂©‡∂ö‡∂∫‡∑í‡∂±‡∑ä ‡∂Ø‡∑ô‡∂Ø‡∑ô‡∂±‡∑è‡∂ß ‡∑É‡∑Ñ ‡∂î‡∑Ä‡∑î‡∂±‡∑ä‡∂ú‡∑ö ‡∂¥‡∑î‡∑Ñ‡∑î‡∂´‡∑î‡∂ö‡∂ª‡∑î‡∑Ä‡∂±‡∑ä ‡∂Ø‡∑ô‡∂Ø‡∑ô‡∂±‡∑è‡∂ß ‡∂∏‡∑î‡∂Ø‡∂Ω‡∑ä ‡∂≠‡∑ä‚Äç‡∂∫‡∑è‡∂ú ‡∂¥‡∑í‡∂ª‡∑í‡∂±‡∑ê‡∂∏‡∑ì‡∂∏‡∂ß ‡∂ö‡∑ê‡∂∂‡∑í‡∂±‡∂ß‡∑ä ‡∂∏‡∂´‡∑ä‡∂©‡∂Ω‡∂∫‡∑ö ‡∂Ö‡∂±‡∑î‡∂∏‡∑ê‡∂≠‡∑í‡∂∫ ‡∑Ñ‡∑í‡∂∏‡∑í‡∑Ä‡∑ì ‡∂á‡∂≠.
#lka

‡∑Ä‡∑ê‡∂©‡∑í ‡∑Ä‡∑í‡∑É‡∑ä‡∂≠‡∂ª:- https://t.co/h42NUSJ3ce https://t.co/q9LPJKCiNs",9/7/2021 6:43,19,117259,6,1,1,0,0,0
,,,,,,,,,,,
37,1.4351E+18,"‡∂Ö‡∂Ø ‡∂≠‡∂ª‡∂ú‡∂∫‡∂ß ‡∂∏‡∑í‡∂±‡∑ù‡∂Ø‡∑ä ‡∂∂‡∑è‡∂±‡∑î‡∂ö ‡∑Ä‡∑ô‡∂±‡∑î‡∑Ä‡∂ß ‡∂ö‡∂©‡∑î‡∂Ω‡∑î ‡∂ª‡∂ö‡∑í‡∂± ‡∂¥‡∑í‡∂≠‡∑í‡∂ö‡∂ª‡∑î ‡∂Ø‡∑í‡∂±‡∑ö‡∑Ç‡∑ä ‡∂†‡∂±‡∑ä‡∂Ø‡∑í‡∂∏‡∑è‡∂Ω‡∑ä ‡∂ö‡∑ä‚Äç‡∂ª‡∑ì‡∂©‡∑è ‡∂ö‡∑í‡∂ª‡∑ì‡∂∏‡∂ß ‡∂±‡∑í‡∂∫‡∂∏‡∑í‡∂≠‡∂∫‡∂∫‡∑í..

#SLvsSA üá±üá∞ v üáøüá¶ #3rdODI #ST_18 https://t.co/VxMtW3GPDh",9/7/2021 4:45,75,3126,1,0,0,1,1,0
,,,,,,,,,,,
38,1.43508E+18,"‡∂ß‡∑ù‡∂ö‡∑í‡∂∫‡∑ù ‡∂¥‡∑ê‡∂ª‡∑è‡∂Ω‡∑í‡∂∏‡∑ä‡∂¥‡∑í‡∂ö‡∑ä ‡∂ö‡∑ä‚Äç‡∂ª‡∑ì‡∂©‡∑è ‡∂ã‡∑Ö‡∑ô‡∂Ω‡∑ö‡∂Ø‡∑ì ‡∂ª‡∂ß‡∂ß ‡∂ö‡∑ì‡∂ª‡∑ä‡∂≠‡∑í‡∂∫ ‡∂ú‡∑ô‡∂± ‡∂Ø‡∑î‡∂±‡∑ä ‡∂ö‡∑ä‚Äç‡∂ª‡∑ì‡∂©‡∂ö‡∂∫‡∂±‡∑ä‡∂ß ‡∂ö‡∂ß‡∑î‡∂±‡∑è‡∂∫‡∂ö ‡∂ú‡∑î‡∑Ä‡∂±‡∑ä‡∂≠‡∑ú‡∂ß‡∑î‡∂¥‡∂Ω ‡∂¥‡∂ª‡∑í‡∑Å‡∑ä‚Äç‡∂ª‡∂∫ ‡∂ã‡∂´‡∑î‡∑É‡∑î‡∂∏‡∑ä ‡∂¥‡∑í‡∑Ö‡∑í‡∂ú‡∑ê‡∂±‡∑ì‡∂∏‡∂ö‡∑ä - https://t.co/LCLGbaPvuJ 
#corona_update_sri_lanka #lka #sinhala_news #coronavirus #covid19 #covid_19_sri_lanka Follow Us #lknewsroom https://t.co/OKq4CMw0Jk",9/7/2021 3:33,0,57,0,0,1,0,0,0
,,,,,,,,,,,
39,1.43488E+18,"‡∂ë‡∑Ö‡∂π‡∑ô‡∂± ‡∂ë‡∂ö‡∑ä‡∂Ø‡∑í‡∂± ‡∂Ω‡∑ù‡∂ö ‡∂ö‡∑î‡∑É‡∂Ω‡∑è‡∂± ‡∂ö‡∑ä‚Äç‡∂ª‡∑í‡∂ö‡∂ß‡∑ä ‡∂≠‡∂ª‡∂ü‡∑è‡∑Ä‡∂Ω‡∑í‡∂∫ ‡∑É‡∂Ø‡∑Ñ‡∑è ‡∂ö‡∑ä‚Äç‡∂ª‡∑ì‡∂©‡∑è ‡∂ö‡∂ª‡∂± ‡∂¥‡∑è‡∂ö‡∑í‡∑É‡∑ä‡∂≠‡∑è‡∂± ‡∂ö‡∑ä‚Äç‡∂ª‡∑í‡∂ö‡∂ß‡∑ä ‡∑É‡∂Ç‡∂†‡∑í‡∂≠‡∂∫ ‡∂Ö‡∂Ø ‡∂¥‡∑ä‚Äç‡∂ª‡∂ö‡∑è‡∑Å‡∂∫‡∂ß ‡∂¥‡∂≠‡∑ä ‡∂ö‡∂ª ‡∂≠‡∑í‡∂∂‡∑ô‡∂±‡∑Ä‡∑è.

18 ‡∂Ø‡∑ô‡∂±‡∑ô‡∂ö‡∑î‡∂ú‡∑ô‡∂±‡∑ä ‡∑É‡∂∏‡∂±‡∑ä‡∑Ä‡∑í‡∂≠ ‡∂∏‡∑ô‡∂∏ ‡∑É‡∂Ç‡∂†‡∑í‡∂≠‡∂∫‡∑ö ‡∂±‡∑è‡∂∫‡∂ö‡∂≠‡∑ä‡∑Ä‡∂∫ ‡∂∂‡∑è‡∂∂‡∂ª‡∑ä ‡∂Ö‡∑É‡∑è‡∂∏‡∑ä‡∂ß ‡∑Ñ‡∑í‡∂∏‡∑í‡∑Ä ‡∂á‡∂≠‡∑í ‡∂Ö‡∂≠‡∂ª ‡∑Å‡∂Ø‡∑è‡∂∂‡∑ä ‡∂õ‡∑è‡∂±‡∑ä ‡∂ã‡∂¥ ‡∂±‡∑è‡∂∫‡∂ö‡∂∫‡∑è ‡∂Ω‡∑ô‡∑É ‡∂ö‡∂ß‡∂∫‡∑î‡∂≠‡∑î ‡∂ö‡∂ª‡∂±‡∑Ä‡∑è.  #Cricket #ICC

https://t.co/vNadcHaFhE https://t.co/IaV3rFBLKn",9/6/2021 14:01,0,116,0,1,0,0,0,1
,,,,,,,,,,,
40,1.43478E+18,"02.‡∂ë‡∂Ø‡∑è ‡∂í ‡∂±‡∑ì‡∂≠‡∑í ‡∂¥‡∑ê‡∂± ‡∑Ä‡∑î‡∂´‡∑ö ‡∂í ‡∂±‡∑í‡∑É‡∂∫‡∑í.

‡∂í ‡∂Ö‡∂∫‡∂ß ‡∂Ö‡∂¥‡∑ö ‡∂∏‡∑í‡∂±‡∑í‡∑É‡∑î‡∂±‡∑ä‡∂ú‡∑ö ‡∑Å‡∂ª‡∑ì‡∂ª ‡∑Å‡∂ö‡∑ä‡∂≠‡∑í‡∂∫ ‡∂Ö‡∂∑‡∑í‡∂∫‡∑ù‡∂ú‡∂∫‡∂ö‡∑ä ‡∑Ä‡∑î‡∂´‡∑è. ‡∂í ‡∑Ä‡∂ú‡∑ö‡∂∏ ‡∂í ‡∂Ö‡∂∫‡∂ú‡∑ö ‡∑É‡∑í‡∂ú‡∂ª‡∑ê‡∂ß‡∑ä ‡∂ë‡∂ö ‡∂¥‡∑ä‚Äç‡∂ª‡∂†‡∑è‡∂ª‡∂∫ ‡∂ö‡∂ª‡∂±‡∑ä‡∂± ‡∂Ø‡∑ê‡∂©‡∑í ‡∂Ö‡∑Ä‡∑Å‡∑ä‚Äç‡∂∫‡∂≠‡∑è‡∑Ä‡∂ö‡∑ä ‡∂≠‡∑í‡∂∂‡∑î‡∂´‡∑è.

‡∂Ö‡∂¥‡∑ö ‡∂ª‡∂ß‡∑ö ‡∂â‡∂≠‡∑í‡∑Ñ‡∑è‡∑É‡∂∫‡∑ö ‡∑É‡∑í‡∂ß ‡∂¥‡∑ê‡∑Ä‡∑ê‡∂≠‡∑í ‡∂Ö‡∂Ç‡∂ú‡∂∏‡∑ä‡∂¥‡∑ú‡∂ª ‡∑Ä‡∑ê‡∂±‡∑í ‡∂ö‡∑ä‚Äç‡∂ª‡∑ì‡∂©‡∑è ‡∑É‡∑Ñ ‡∂±‡∑ú‡∂∫‡∑ô‡∂ö‡∑ä ‡∑É‡∂ß‡∂±‡∑ä‡∂ö‡∑ä‚Äç‡∂ª‡∂∏‡∑Ä‡∂Ω‡∑í‡∂±‡∑ä ‡∑É‡∑î‡∂Ø‡∑î ‡∂¢‡∑è‡∂≠‡∑í‡∂ö‡∂∫‡∂±‡∑ä ‡∂¥‡∂ª‡∑è‡∂Ø ‡∂ö‡∑í‡∂ª‡∑ì‡∂∏‡∂ß ‡∑Ñ‡∑ö‡∂≠‡∑î‡∑Ä....(1/3)‚¨áÔ∏è",9/6/2021 7:34,1,319,0,0,0,0,1,1
,,,,,,,,,,,
41,1.43478E+18,"‡∑Ñ‡∑ô‡∂ß ‡∂¥‡∑ê‡∑Ä‡∑ê‡∂≠‡∑ä‡∑Ä‡∑ô‡∂± ‡∂Ö‡∑Ä‡∑É‡∂±‡∑ä ‡∂ë‡∂ö‡∑ä‡∂Ø‡∑í‡∂± ‡∂≠‡∂ª‡∂ú‡∂∫ ‡∑É‡∂Ø‡∑Ñ‡∑è ‡∂∑‡∑è‡∂±‡∑î‡∂ö ‡∂ª‡∑è‡∂¢‡∂¥‡∂ö‡∑ä‡∑Å ‡∂ö‡∑ä‚Äç‡∂ª‡∑ì‡∂©‡∑è ‡∂ö‡∑í‡∂ª‡∑ì‡∂∏ ‡∂Ö‡∑Ä‡∑í‡∂±‡∑í‡∑Å‡∑ä‡∂†‡∑í‡∂≠ ‡∂≠‡∂≠‡∑ä‡∑Ä‡∂∫‡∂ö.
#SLvSA",9/6/2021 7:31,2,214,0,0,0,1,1,0
,,,,,,,,,,,
42,1.4344E+18,2026 ‡∑Ä‡∂± ‡∑Ä‡∑í‡∂ß ‡∂ß‡∑ô‡∑É‡∑ä‡∂ß‡∑ä ‡∂ö‡∑ä‚Äç‡∂ª‡∑ì‡∂©‡∑è ‡∂ö‡∂ª‡∂± ‡∂ö‡∂´‡∑ä‡∂©‡∑è‡∂∫‡∂∏‡∑ä 5‡∂ö‡∑ä ‡∂¥‡∂∏‡∂´‡∂ö‡∑ä ‡∑É‡∑í‡∂ß‡∑í‡∂∫ ‡∑Ñ‡∑ê‡∂ö‡∑í ‡∂∂‡∑Ä ‡∑Ñ‡∑ê‡∂ü‡∑ö - ‡∂ö‡∑ô‡∑Ä‡∑í‡∂±‡∑ä ‡∂¥‡∑ì‡∂ß‡∂ª‡∑ä‡∑É‡∂±‡∑ä https://t.co/UCj0Vf97vX via @batsmanlive,9/5/2021 6:34,0,786,0,1,1,0,0,0
,,,,,,,,,,,
43,1.43439E+18,"""‡∑Ñ‡∑ú‡∂≥‡∂ß ‡∂ö‡∑ä‚Äç‡∂ª‡∑ì‡∂©‡∑è ‡∂ö‡∂ª‡∂±‡∑ä‡∂± ‡∂ö‡∑ä‚Äç‡∂ª‡∑ì‡∂©‡∑è ‡∂ö‡∂ª‡∂±‡∑ä‡∂± ‡∂Ö‡∂¥‡∑í ‡∂ú‡∑ê‡∂± ‡∂Ö‡∑Ä‡∂∞‡∑è‡∂±‡∂∫ ‡∂∫‡∑ú‡∂∏‡∑î ‡∑Ä‡∑ô‡∂± ‡∂±‡∑í‡∑É‡∑è, ‡∂≠‡∑Ä ‡∂≠‡∑Ä ‡∂∏‡∑Ñ‡∂±‡∑ä‡∑É‡∑í ‡∑Ä‡∑ô‡∂±‡∑ä‡∂± ‡∂ï‡∂±‡∑ö."" - Charith Asalanka #SLvSA 

https://t.co/NWSpYDyi1r",9/5/2021 5:56,17,22524,1,0,0,0,1,0
,,,,,,,,,,,
44,1.43438E+18,"‡∂ä‡∂ß ‡∂¥‡∑É‡∑ä‡∑É‡∑ö ‡∂ª‡∑ù‡∂Ø‡∂¥‡∑î‡∂ß‡∑î‡∑Ä‡∂ß ‡∑É‡∂∏‡∑î‡∂Ø‡∑î‡∂±‡∑ä ‡∂ª‡∑ê‡∂Ω‡∑ä‡∑Ü‡∑ä ‡∂≠‡∂∏‡∂±‡∑ä‡∂ú‡∑ö ‡∂∂‡∑í‡∂ª‡∑í‡∂≥ ‡∑Ä‡∑î‡∂± ‡∂¢‡∑ì‡∂±‡∑ä‡∂ú‡∑ö ‡∂ã‡∂Ø‡∑Ä‡∑ä‡∂Ø ‡∂á‡∂≠‡∑î‡∑Ä ‡∂á‡∑Ä‡∑í‡∂Ø‡∑ì‡∂∏‡∂ß‡∂≠‡∑ä,‡∂ú‡∑ù‡∂Ω‡∑ä‡∑Ü‡∑ä ‡∂∏‡∑ô‡∂±‡∑ä‡∂∏ ‡∂∂‡∑è‡∑É‡∑ä‡∂ö‡∂ß‡∑ä ‡∂∂‡∑ù‡∂Ω‡∑ä ‡∂ö‡∑ä‚Äç‡∂ª‡∑ì‡∂©‡∑è ‡∂ö‡∑í‡∂ª‡∑ì‡∂∏‡∂ß‡∂≠‡∑ä ‡∂¥‡∑î‡∑Ñ‡∑î‡∂´‡∑î ‡∑Ä‡∑î‡∂±‡∑è.‡∂í ‡∑Ä‡∂ú‡∑ö‡∂∏ ‡∂ª‡∑ê‡∂Ω‡∑ä‡∑Ü‡∑ä ‡∑Ä‡∑í‡∑Å‡∑ä‡∑Ä‡∑Ä‡∑í‡∂Ø‡∑ä‚Äç‡∂∫‡∑è‡∂Ω ‡∂ã‡∂¥‡∑è‡∂∞‡∑í‡∂∫‡∂ö‡∑ä‡∂Ø ‡∂Ω‡∂∂‡∑è‡∂ú‡∂≠‡∑ä‡∂≠‡∑è.",9/5/2021 4:51,2,316,0,1,0,0,1,1
,,,,,,,,,,,
45,1.43428E+18,"‡∂Ø‡∑í‡∂±‡∑ö‡∑Ç‡∑ä‡∂ß ‡∂ö‡∑ù‡∂ß‡∑í 5‡∂∫‡∑í, ‡∑É‡∂∏‡∑í‡∂≠‡∂ß ‡∂ö‡∑ù‡∂ß‡∑í 2‡∂∫‡∑í

‡∂ö‡∑ä‚Äç‡∂ª‡∑í‡∂ö‡∂ß‡∑ä ‡∂ö‡∑ä‚Äç‡∂ª‡∑ì‡∂©‡∑è ‡∂ö‡∑í‡∂ª‡∑ì‡∂∏‡∑ô‡∂±‡∑ä ‡∂¥‡∂∏‡∂´‡∂ö‡∑ä ‡∑Å‡∑ä‚Äç‡∂ª‡∑ì ‡∂Ω‡∂Ç‡∂ö‡∑è‡∑Ä‡∑ö ‡∑É‡∑è‡∂ª‡∑ä‡∂Æ‡∂ö‡∂≠‡∑ä‡∑Ä‡∂∫‡∂ß ‡∂¥‡∂≠‡∑ä ‡∑Ä‡∑í‡∂∫ ‡∑Ñ‡∑ê‡∂ö‡∑í ‡∂∂‡∑Ä‡∂ß ‡∂á‡∂≠‡∑í ‡∂∏‡∂≠‡∂∫ ‡∂∂‡∑í‡∂≥ ‡∑Ñ‡∑ô‡∂Ω‡∑ì‡∂∏‡∂ß ‡∂ö‡∑ä‚Äç‡∂ª‡∑ì‡∂©‡∑è ‡∂Ö‡∂∏‡∑è‡∂≠‡∑ä‚Äç‡∂∫‡∂Ç‡∑Å‡∂∫ ‡∂ú‡∑ô‡∂± ‡∂á‡∂≠‡∑í ‡∂¥‡∑í‡∂∫‡∑Ä‡∂ª ‡∂¥‡∑ä‚Äç‡∂ª‡∑Å‡∂Ç‡∑É‡∂±‡∑ì‡∂∫‡∂∫‡∑í.",9/4/2021 22:19,2,509,0,0,0,1,0,0
,,,,,,,,,,,
46,1.43418E+18,"‡∑Ñ‡∂∏‡∑ä‡∂∂‡∂±‡∑ä‡∂≠‡∑ú‡∂ß ‡∂Ø‡∑í‡∑É‡∑ä‡∂≠‡∑ä‚Äç‡∂ª‡∑í‡∂ö‡∑ä‡∂ö‡∂∫‡∑ö ‡∑Ä‡∂∫‡∑É ‡∂Ö‡∑Ä‡∑î‡∂ª‡∑î‡∂Ø‡∑î 20‡∂≠‡∑ä 30‡∂≠‡∑ä ‡∂Ö‡∂≠‡∂ª ‡∂≠‡∂ª‡∑î‡∂´ ‡∂¥‡∑ä‚Äç‡∂ª‡∂¢‡∑è‡∑Ä ‡∑Ä‡∑ô‡∂≠ ‡∂ë‡∂±‡∑ä‡∂±‡∂≠‡∑ä‡∂ö‡∂ª‡∂´‡∂∫ ‡∑É‡∑í‡∂Ø‡∑î ‡∂ö‡∑í‡∂ª‡∑ì‡∂∏ 02 ‡∂Ø‡∑í‡∂± ‡∂Ü‡∂ª‡∂∏‡∑ä‡∂∑ ‡∑Ä‡∑ñ ‡∂∂‡∑Ä ‡∂≠‡∂ª‡∑î‡∂´ ‡∑Ñ‡∑è ‡∂ö‡∑ä‚Äç‡∂ª‡∑ì‡∂©‡∑è ‡∂Ö‡∂∏‡∑è‡∂≠‡∑ä‚Äç‡∂∫ ‡∂±‡∑è‡∂∏‡∂Ω‡∑ä ‡∂ª‡∑è‡∂¢‡∂¥‡∂ö‡∑ä‡∑Ç ‡∂∏‡∑Ñ‡∂≠‡∑è ‡∂¥‡∑ê‡∑Ä‡∑É‡∑ì‡∂∫.

‡∂Ö‡∂≠‡∑í‡∂ú‡∂ª‡∑î ‡∂¢‡∂±‡∑è‡∂∞‡∑í‡∂¥‡∂≠‡∑í‡∂≠‡∑î‡∂∏‡∑è‡∂ú‡∑ö ‡∑Ñ‡∑è ‡∂Ö‡∂ú‡∑ä‚Äç‡∂ª‡∑è‡∂∏‡∑è‡∂≠‡∑ä‚Äç‡∂∫‡∂≠‡∑î‡∂∏‡∂±‡∑ä‡∂ú‡∑ö ‡∂ã‡∂¥‡∂Ø‡∑ô‡∑É‡∑ä ‡∂¥‡∂ª‡∑í‡∂Ø‡∑í ‡∑É‡∑û‡∂õ‡∑ä‚Äç‡∂∫ ‡∂Ö‡∂∏‡∑è‡∂≠‡∑ä‚Äç‡∂∫‡∂≠‡∑î‡∂∏‡∑è‡∂ú‡∑ö ‡∂∏‡∂ú‡∂¥‡∑ô‡∂±‡∑ä‡∑Ä‡∑ì‡∂∏

https://t.co/8nk069Wzqr https://t.co/eTfY7xhDBm",9/4/2021 15:48,0,116,0,0,1,0,1,1
,,,,,,,,,,,
47,1.43408E+18,@nipuna__d Latest : ‡∂ö‡∑ä‚Äç‡∂ª‡∑ì‡∂©‡∑è ‡∂¥‡∑í‡∂ß‡∑í‡∂∫‡∑ö ‡∂Ü‡∑Ä‡∂ª‡∂´ ‡∂∫‡∑Ö‡∑í‡∂≠‡∑ä ‡∂â‡∑Ä‡∂≠‡∑ä ‡∂ö‡∑ô‚Äç‡∂ª‡∑ô‡∂∫‡∑í. üôÇ,9/4/2021 9:02,2,652,0,1,1,0,0,1
,,,,,,,,,,,
48,1.43406E+18,"@ranjanieguruge ‡∂í‡∂ö ‡∂á‡∂≠‡∑ä‡∂≠. ‡∂ö‡∑ä‚Äç‡∂ª‡∑ì‡∂©‡∑è‡∑Ä‡∂ß ‡∂¥‡∑ä‚Äç‡∂ª‡∂∞‡∑è‡∂± ‡∑Ä‡∑ô‡∂±‡∑ä‡∂±‡∑ô ‡∂∑‡∑è‡∑Ç‡∑è ‡∂Ø‡∑ê‡∂±‡∑î‡∂∏ ‡∂±‡∑ô‡∂∏‡∑ô‡∂∫‡∑í, ‡∂ö‡∑ä‚Äç‡∂ª‡∑ì‡∂©‡∑è ‡∂ö‡∑î‡∑É‡∂Ω‡∂≠‡∑è‡∑Ä. ‡∂î‡∑Ñ‡∑î ‡∂ö‡∑î‡∑É‡∂Ω‡∂≠‡∑è ‡∂¥‡∂ª‡∑í‡∂¥‡∑ñ‡∂ª‡∑ä‡∂´ ?",9/4/2021 7:54,11,189,0,0,0,1,1,
,,,,,,,,,,,
49,1.43405E+18,"‡∂¥‡∑ä‚Äç‡∂ª‡∑í‡∂∫ ‡∂ö‡∑ä‚Äç‡∂ª‡∑ì‡∂©‡∑è ‡∂Ω‡∑ù‡∂Ω‡∑í ‡∂Ö‡∑É‡∂±‡∑ä‡∂±‡∂±‡∑í ‡∂∏‡∂Ø ‡∑Ñ‡∑í‡∂ª‡∑î ‡∂ª‡∑ê‡∑É‡∑ä ‡∂ö‡∑ô‡∂∏‡∑ô‡∂±‡∑ä ‡∂ö‡∑ô‡∂∏‡∑ô‡∂±‡∑ä ‡∂ö‡∑ä‚Äç‡∂ª‡∑ì‡∂©‡∑è ‡∂¥‡∑í‡∂ß‡∑í‡∂∫‡∂ß ‡∂¥‡∂≠‡∑í‡∂≠ ‡∑Ä‡∂± ‡∂Ü‡∂ö‡∂ª‡∂∫‡∂ö‡∑ä ‡∂¥‡∑ô‡∂±‡∑ä‡∂±‡∑î‡∂∏‡∑ä ‡∂ö‡∂ª‡∂±‡∑Ä‡∑è ‡∂ª‡∑ô‡∂Ø‡∑ä‡∂Ø ‡∂Ö‡∑É‡∑ä‡∑É‡∑ô‡∂±‡∑ä ü§∑‚Äç‚ôÇÔ∏è

‡∑É‡∂∏‡∑è‡∑Ä‡∑ô‡∂±‡∑ä‡∂± ‡∂ö‡∑è‡∂∏‡∂ª‡∑ö‡∂ß ‡∂Ü‡∂¥‡∑î ‡∂ö‡∑ô‡∂±‡∑è ‡∂Ω‡∂∫‡∑í‡∂ß‡∑ä ‡∂ë‡∂ö ‡∂ï‡∑Ü‡∑ä ‡∂ö‡∂ª‡∂Ω‡∑è ‡∂ú‡∑í‡∑Ñ‡∑í‡∂Ω‡∑ä‡∂Ω ‡∂±‡∑ë ‡∂∏‡∑í‡∂≠‡∑î‡∂ª‡∂±‡∑í üòÅ

#SLvSA #Cricket #rain",9/4/2021 6:53,6,578,0,1,1,1,0,
,,,,,,,,,,,